mount_code,명산_소재지,명산_높이,ㅁ,난이도,특징_및_선정_이유,교통정보
421100101,"강원도 홍천군 두촌면ㆍ화촌면, 춘천시 북산면ㆍ동면",1050.9,산행시간 ,초급,"강원도에서 진달래가 가장 많이 피는 산으로 알려져 있고, 참나무 중심의 울창한 산림과 부드러운 산줄기 등 우리나라 산의 전형적인 모습을 갖추고 있으며, 홍천강의 발원지 및 소양강의 수원(水源)을 이루고 있는 점 등을 고려하여 선정. 암봉이 솟아있는 정상에서 소양호를 조망할 수 있고, 야생화가 많이 서식하여 자연학습관찰에도 좋은 여건을 갖추고 있음. '98년 강원도에서 자연휴양림으로 지정","홍천에서 역내리, 천현리행 버스를 이용해 가리산자연휴양림에서 내린다.  - 홍천→역내리 60분 간격 운행  - 홍천→천현리 1일 10회 운행    홍천 44번 국도 혹은 중앙고속국도 홍천IC-홍천 인제 방면-철정 검문소-인제 방향-역내리 삼거리-가리산자연휴양림"
427700101,"강원도 정선군 북평면ㆍ정선읍 회동리, 평창군 진부면",1561.9,산행시간 , 중급,"가리왕산 8경이 전해질 만큼 경관이 수려하고, 활엽수 극상림이 분포해 있으며, 전국적인 산나물 자생지로 유명. 특히 백두대간의 중심으로 주목군락지가 있어 산림유전자원보호림과 자연휴양림으로 지정되는 등 경관·생태적으로 가치가 큰 점에서 선정동강(東江)에 흘러드는 오대천과 조양강의 발원지이며 석회암 절리동굴인 얼음동굴이 유명. 산의 이름은 그 모습이 큰 가리(벼나 나무를 쌓은 더미)같다고 하여 유래","장평(장평시외버스터미널 ☎033-332-4209)과 정선(정선터미널 ☎033-563-1094)이 기점이다.  하안미 5리 백일동 버스종점에 가평매점(☎033-332-8622)이 있으니 출발 전에 문의하면 상세히 알 수 있다.  - 장평→하안미리(가평행) 1일 5회 운행 - 정선→회동 1일 8회 운행    영동고속국도 진부IC-6번 국도-나전삼거리-33번 국도-영월, 평창 방면-424번 지방도-용탄, 회동 방향-용탄리-회동리 가리왕산자연휴양림"
478400101,"경상남도 합천군ㆍ거창군, 경상북도 성주군",1432.6,산행시간 , 중급,"예로부터 우리나라의 12대 명산 또는 8경에 속하는 산으로서 '72년 국립공원으로 지정되었으며, 특히 '95년 세계문화유산으로 지정된 국보 팔만대장경과 해인사가 있는 등 역사·문화적 가치가 높은 점을 고려하여 선정,`가야국'이 있었던 곳으로 전해지며, `택리지'에서는 가야산의 기암괴봉을 불꽃에 비유하여 석화성(石火星)이라 하였음. 산위에서의 조망이 좋고, 특히 용문폭포와 홍류동 계곡 등이 유명",대구가 기점이다. 대구 대명11동에 있는 서부시외버스정류장에서 직행버스가 40회 있다. 88고속도로 해인사IC에서 빠져나간다.
317100101,"울산광역시 울주군, 경상북도 청도군, 경상남도 밀양시",1240.9,산행시간 ,초급,"백두대간 남단의 중심으로 영남알프스에서 가장 높은 산으로 '79년 도립공원으로 지정되었음. 수량이 풍부한 폭포와 아름다운 소(沼)가 많고, 천연기념물 224호인 얼음골과 도의국사 사리탑인 8각운당형부도(보물 제369호)가 보존되어 있는 석남사(石南寺)가 소재하는 점 등을 고려하여 선정. 능선 곳곳에 바위봉과 억새밭이 어우러져 있고 전망이 좋으며 자연휴양림이 있음. 밀양강의 지류인 산내천과 무적천의 발원지이다."," 언양이 기점이다. 언양에서 20분 간격의 석남사행 버스(328번, 807번)를 이용한다. 언양으로는 울산에서 15분, 부산에서 20분 간격으로 버스가 다닌다. 호박소쪽은 석남사에서 10회 있는 밀양행 직행버스를 타고가다 운전사에게 부탁하거나 남명리에서 내린다.   경부고속국도 서울산IC→석남사 방면 24번 국도"
414800101,"경기도 파주시 적성면, 양주시 남면, 연천군 전곡읍",674.9,산행시간 ,초급,"예로부터 경기 5악의 하나로서 폭포·계곡·암벽 등을 고루 갖추고 있으며, 임진강·개성 송악산 등의 조망이 좋은 점 등을 고려하여 선정. 수량이 풍부한 운계폭포가 있고, 정상에는 글자가 모두 마멸되어 판독이 불가능한 비뜰대왕비(파주군 향토유적 제8호)가 있는데 `설인귀(薛人貴)'설과 `진흥왕 순수비'설이 나뉘어 속전되고 있음. 임꺽정이 관군의 추격을 피하기 위해 숨어 지냈다는 장군봉 아래 임꺽정 굴이 있음.", 기점은 의정부이다.  의정부에서 적성으로 가는 25번 시내버스가 15분 간격으로 운행한다.     37번 국도 적성-적성삼거리 323번 지방도-범륜사 입구
457700101,"전라북도 순창군 팔덕면, 전라남도 담양군 용면",585.8,산행시간 , 중급,"군립공원(1981년 지정)으로 지정되어 있으며, 강천계곡 등 경관이 수려하고 조망이 좋은 점 등을 고려하여 선정신라 진성여왕때(887년) 도선국사가 개창한 강천사(剛泉寺)가 있으며, 산 이름도 강천사(剛泉寺)에서 유래. 삼국시대에 축조된 것으로 추정되는 금성산성(金城山城)이 유명","기점은 순창이다. 강천산 주차장까지 군내버스가 5분 간격으로 다닌다. 9킬로미터 거리니 걸어가도 된다. 순창으로는 서울 강남터미널에서 고속버스가 6회 있다. 전라북도 이외 도시로는 인천, 대구, 광주에서 버스가 있다.     호남고속국도 옥과IC-순창 방면 27번 국도를 탄다. 순창읍내에서는 담양 방면 24번 국도로 갈아탄 뒤 백산리에서 우회전, 793번 지방도로를 따른다. 강천저수지가 끝날 즈음 좌회전한다."
441500301,"대전광역시, 충청남도 공주시 계룡면, 논산시 상월면, 계룡시 신도안면",846.5,산행시간 ,초급,"예로부터 신라 5악의 하나인 서악(西岳)으로 지칭되었고, 조선시대에는 3악 중 중악(中岳)으로 불리운 산으로서 국립공원으로 지정(1968년)된 점 등을 고려하여 선정산 능선이 마치 닭의 벼슬을 쓴 용의 모습과 닮았다고 하여 계룡산이라는 이름이 유래되었으며, 정감록(鄭鑑錄)에 언급된 십승지지(十勝之地)중 하나임. 신라 성덕왕 2년(724년) 회의화상이 창건한 동학사(東鶴寺)와 백제 구이신왕(420년)때 고구려의 아도화상에 의하여 창건된 갑사(甲寺)등이 유명","기점은 공주와 대전이다. 교통입지로 성장한 대전은 설명할 필요가 없을 것이고 공주로는 동서울터미널에서 30분 간격, 남부터미널에서 52회나 다닌다. 이 외에 인천, 대전, 수원, 성남, 청주, 원주와 충남 각지에서 직행버스를 탈 수 있다.  > 대전→갑사, 동학사 : 수시로 운행 ,  공주->갑사, 신원사: 수시로 운행    동학사쪽은 호남고속국도 유성 IC→공주 방면 32번 국도. 갑사쪽은 논산천안고속국도 공주IC→대전 방면 32번 국도거나 이 고속국도와 나란히 달리는 23번 신국도를 타고가다 계룡면 월암리, 상성리에서 지방도로 접어든다. "
427206801,"강원도 홍천군 내면, 평창군 용편면ㆍ진부면",1579.1,산행시간 , 중급,"남한에서 한라산, 지리산, 설악산, 덕유산에 이어 다섯 번째로 높은 산으로서 산약초·야생화 등이 많이 서식하고, 희귀수목인 주목·철쭉나무 등이 군락을 이루고 있어 생태계 보호지역으로 지정된 점 등을 고려하여 선정 백두대간을 한 눈에 조망할 수 있으며 겨울철 설경이 백미. 우리나라에서 자동차로 오를 수 있는 고개 중 가장 높은 운두령이 있으며 내린천(內麟川)으로 흐르는 계방천의 발원지임",기점은 진부다.  동서울종합터미널과 상봉터미널에서 2회씩 있는 강릉행 직행버스를 타고가다 진부에서 내린다.  진부→운두령 : 1일 8회 운행  진부→방아다리 약수: 1일 5회 운행     영동고속국도 속사IC-운두령 방면 31번 국도
427200401,"강원도 홍천군 동면, 화촌면",887.4,산행시간 ,초급,울창한 산림과 수타계곡 등 경관이 수려한 점 등을 고려하여 선정. 산의 형세가 마치 한 마리의 공작이 날개를 펼친 듯하다는데서 산 이름이 유래. 보물 제745호인 월인석보 제17권과 18권이 보존되어 있는 수타사(壽陀寺)와 수타사에서 노천리에 이르는 20리계곡인 수타계곡이 특히 유명,"기점은 홍천이다.  동서울터미널에서 52회, 상봉터미널에서 41회 있다.  군업리를 들머리로 할 때는 1시간 간격으로 있는 어론행 완행버스, 굴운리는 15회 있는 성산행을 타고가다 송정에서 하차, 2km쯤 걸어 들어간다.  수타사와 신봉리로는 완행버스가 3회씩 다니며 공작골 입구는 3회 있는 물골행을 타 노천삼거리에서 내린다.     설악산 갈 때 이용하는 6번과 44번 신국도를 탄다. 굴운리와 군업리(56번 국도)는 안내판만 따르면 되지만 동면쪽은 신국도에 안내판이 없으니 읍내로 들어간 뒤 군청 지나서 444번 지방도를 따라간다. "
116200201,"서울특별시 관악구, 경기도 안양시, 과천시",632.2,산행시간 ,초급,"예로부터 경기 5악의 하나로서 경관이 수려하며, 도심지 가까이 위치한 도시자연공원(1968년 지정)으로 수도권 주민들의 휴식처인 점 등을 고려하여 선정. 주봉은 연주대(戀主臺)로서 정상에 기상 레이더 시설이 있음. 신라시대 의상이 창건하고 조선 태조가 중수(1392년)한 연주암과 약사여래입상이 유명","지하철이 가장 편리하다. 서울대 방면은 2호선 신림역과 봉천역, 과천 방면은 4호선 정부청사역, 안양 방면은 1호선 관악역이나 시흥역을 이용한다.  >2호선 신림역→5613, 6514번 버스    >서울대입구역→750번 버스    신림4거리나 봉천사거리에서 서울대 방향으로 가 매표소 입구 주차장에 주차한다. 과천쪽은 서울외곽순환고속도로 학의분기점에서 내려 309번 지국도를 따르고 안양쪽은 1번국도를 타는게 무난하다."
437200401,"경상북도 상주신 화북면, 충청북도 보은군 마로면ㆍ속리산면",876.3,산행시간 , 고급,"주능선의 북쪽 지역이 속리산 국립공원에 속해 있고 서원계곡(書院溪谷) 등 경관이 수려한 점 등을 고려하여 선정. 웅장한 아홉 개의 바위봉이 병풍처럼 연이어 솟아 예로부터 구봉산이라고 불리어 왔으며, 정상에서의 조망이 좋음. 예로부터 보은지방에서는 속리산 천황봉은 지아비 산, 구병산은 지어미 산, 금적산은 아들 산이라 하여 이들을 `삼산(三山)'이라 일컬어왔음.","기점은 보은군 마로면 적암리다. 청주 보은 적암을 경유하는 상주행 직행버스이용, 적암리(적암휴게소, 검문소)에서 내린다.  서울 남부터미널에서 상주행 직행버스가 06:30부터 18:20까지 13차례 있다. 보은-상주간 07:40부터 21:10까지 31차례 시외버스가 운행된다.  보은읍에서 구병리행 시내버스가 4회(06:45, 08:20, 12:10, 16:30) 운행    중부내륙고속국도 증평IC-내수-초정-미원-보은 등을 거쳐 상주방면 25번 국도를 따른다."
488400801,"경상남도 남해군 상주면, 이동면, 삼동면",704.9,산행시간 ,초급,"한려해상국립공원의 유일한 산악공원으로 경관이 수려하고, 바다와 섬, 일출을 조망할 수 있으며 경상남도 기념물로 지정(1974년)된 점 등을 고려하여 선정. 본래 보광산이라고 불리다가 조선 태조와 관련된 전설에 따라 금산으로 이름이 바뀌었다고 함. 조선 태조가 기도했다는 이씨기단을 비롯하여, 사자암, 촉대봉, 향로봉 등 38경이 유명하며, 정상에는 우리나라 3대 기도처의 하나인 보리암이 소재","기점은 남해다.  남해 공용여객터미널에서 상주, 미조행 군내버스를 이용하면 금산에서 하차할 수 있다.  - 남해→상주, 미조 : 30~40분 간격 운행  - 남해→복곡 :  1일 4회 운행   남해고속국도-진교 또는 하동IC-남해대교-남해읍-금산매표소"
431500701,"충청북도 제천시 수산면, 단양군 적성면",1015.8,산행시간 ,초급,"월악산국립공원 북단에 위치하고 울창한 소나무 숲과 맑고 깨끗한 계류 등 경관이 뛰어난 점을 고려하여 선정, 봄철의 철쭉과 가을철의 단풍이 특히 유명하고 능강계곡과 얼음골이 있음. 정상에서 소백산의 웅장한 산줄기와 충주호를 조망할 수 있음","기점은 제천이다.  상천리 초경동 종점까지 제천 금용아파트 앞에서 05:40, 06:40(휴일만 운행),12:20, 16:20 출발.  종점->제천행 07:00, 13:40, 17:40. 제천->단양 상학마을은 06:30~19:40. 1시간 간격. 적성면 하진행 버스이용    ① 중앙고속국도 남제천IC-82번도로-금수산② 중부내륙고속국도로 감곡IC-제천"
471900101,"경상북도 구미시 칠곡군 북삼읍, 김천시 남면",976.5,산행시간 , 고급,"기암절벽과 울창한 산림이 조화되어 경관이 수려하며, 문화유산이 많고 도립공원으로 지정(1970년)된 점 등을 고려하여 선정, 높이 38m의 명금폭포가 있으며, 정상부근에는 자연암벽을 이용해 축성한 길이 2㎞의 금오산성이 있음. 해운사, 약사암 등의 고찰과 금오산마애보살입상(보물 제490호), 선봉사대각국사비(보물 제251호), 석조석가여래좌상(보물 제245호) 등이 유명","기점은 구미다.  경부선 철도와 경부고속국도뿐 아니라 중부내륙고속국도까지 지나가 교통이 아주 편리하다.  금오산으로 가려면 구미역이나 고속터미널에서 12번, 12-1번 시내버스를 탄다.    중부내륙고속국도를 이용할 경우 김천분기점에서 경부고속국도로 갈아타고 구미IC로 나온다. 다음 중앙로로 가다가 캐피탈호텔이 있는 금오산사거리에서 좌회전한다."
264100101,"부산광역시 금정구ㆍ북구, 경상남도 양산시",800.8,산행시간 , 고급,"산림이 울창하고 산세가 비교적 웅장하며 도심지 가까이 위치한 시민들의 휴식처인 점 등을 고려하여 선정, 역사적으로 나라를 지키는 호국의 산으로서 호국사찰 범어사와 우리나라 5대 산성의 하나인 금정산성이 있음. 낙동강 지류와 수영강의 분수계(分水界)를 이루고, 금강공원 및 성지곡공원 등이 있음",기점은 부산 지하철역이다.  범어사는 범어사역 5번 출구로 나와 5분 정도 걸으면 만나는 삼신교통 종점에서 90번 버스를 이용한다. 온천장역에서 15분 거리인 금강공원은 8번 버스나 203번 산성버스를 탄다    경부고속국도 노포IC-고속버스터미널-KT 청룡지점(우회전)-범어사 입구
469100501,전라남도 신안군 흑산면 홍도,367.8,산행시간 ,초급,"덩굴사철, 식나무 및 동백림 등이 자생하는 등 생태적 가치가 커 섬 전체가 천연보호구역으로 지정(1965년)되어 있으며, 다도해해상국립공원으로 지정(1981년)된 점 등을 고려하여 선정, 이름 그대로 깃대처럼 생긴 암봉이며, 홍도의 최고봉임. 깃대봉은 독립문, 석화굴 등 해안경관과 조화를 이뤄 홍도의 수려한 경관을 이루고 있음.",기점은 목포이다.  - 목포→홍도: 1일 2회 운행 >홍도→목포: 1일 2회 운행      차가 다닐 길이 없고 따라서 카페리도 없다. 목포에 두고가야 한다.
471300201,"경상북도 경주시 남산동, 내남면",495.1,산행시간 ,초급,"길이 약 8km, 폭 약 4㎞의 산줄기안에 불상 80여체, 탑 60여기, 절터 110여 개소가 산재하여 경주국립공원으로 지정되어 있는 등 신라시대 역사 유물·유적의 보고인 점 등을 고려하여 선정, `경주남산불적지'로 마애여래좌상(보물 제913호), 칠불암마애석불 등이 유명. 동쪽에는 남산산성 등이 있음",기점은 경주이다.   - 경주→삼릉 >용장리→경주 모두 시내버스를 이용한다.      경부고속국도 경주IC-언양 방면 35번 국도
471300201,"경상북도 포항시 송라면ㆍ청하면ㆍ죽장면, 영덕군 남정면",711.3,산행시간 ,초급,남쪽의 천령산 줄기와 마주하면서 그 사이에 험준한 협곡을 형성하고 있는 청하골이 유명. 원진국사사리탑(보물 제430호)과 원진국사비(보물 제252호)가 보존된 보경사(寶鏡寺) 등이 있음,"기점은 포항이다.  포항행 직통 버스를 이용할 수 없을 경우 일단 대구로 가면 포항행 버스가 많다.  - 포항→보경사 : 1일 10회 운행, 신안여객 ☎054-293-0320, 포항버스터미널 ☎054-256-8500  - 포항→하옥리 옥계계곡 : 1일 3회 운행, 성원여객 ☎054-273-7203, 하옥버스종점 ☎054-262-6631    대구 포항간 고속국도 서포항IC→죽장면 방면 31번 국도"
451800501,"전라북도 정읍시 내장동, 순창군 쌍치면ㆍ복흥면",763.5,산행시간 ,초급,"기암괴석과 울창한 산림, 맑은 계류가 어울어진 호남 5대 명산의 하나로 국립공원으로 지정(1971년)되어 있는 점 등을 고려하여 선정, 내장사를 중심으로 서래봉에서 불출봉, 연지봉, 까치봉, 신선봉, 장군봉에 이르기까지 산줄기가 말발굽처럼 둘러쳐져 마치 철옹성 같은 특이지형을 이룸. 내장사(內藏寺) 부속암자인 원적암 일대에 있는 비자림(천연기념물 제153호)이 특히 유명","기점은 정읍이다. 정읍으로는 호남선 KTX가 19회, 일반열차는 20회 다닌다. 고속버스는 동서울터미널에서 60회, 강남터미널에서 40분 간격이며 심야버스도 한 편 있다. 정읍행 버스편이 있는 데는 부산, 인천, 부천, 성남, 안산, 안양, 광주, 목포와 전라북도 도시들이다.  내장사행 버스는 정읍시내버스터미널과 정읍역에서 타면 된다. > 정읍→내장사 : 20분 간격 운행    호남고속국도 내장산IC→내장산 방면 708번 지방도. 대가리를 들날머리로 할 때는 계속 나아가 추령을 넘은 다음 반월리에서 좌회전해 들어간다."
447103401,"충청남도 논산시 벌곡면ㆍ금산군 진산면, 전라북도 완주군 운주면",879.1,산행시간 , 고급,"정상인 마천대를 비롯하여 사방으로 뻗은 바위능선의 기암괴석과 수목이 어우러져 경관이 뛰어나고, 도립공원으로 지정(1980년)된 점 등을 감안하여 선정, 마천대에서 낙조대에 이르는 바위능선과 일몰광경이 뛰어나며, 임금바위·장군봉·동심바위·신선바위 등이 있음. 임금바위와 입석대를 잇는 금강구름다리와 태고사(太古寺)가 유명","기점은 대전이다. 금산, 전주 논산에서도 대둔산행 버스가 많이 있다. > 대전→대둔산 : 1일 6회 운행    >전주→대둔산 : 1일 8회 운행 > 논산→대둔산 : 수시 운행  >금산->대둔산 : 1일 5회 운행    대전-통영간 고속국도로 추부IC->대둔산 방면 17번 국도"
428101301,"강원도 양구군 동면, 인제군 서화면",1312.6,산행시간 ,초급,"휴전선이 가까운 지역으로 각종 희귀생물과 원시림에 가까운 숲이 잘 보존되어 천연보호구역(천연기념물 제246호)으로 지정(1973년) 관리되는 등 우리나라 최대 희귀생물자원의 보고인 점 등을 감안하여 선정, 대암산 정상부에 있는 약 9,000여평이 넘는 풀밭 같은 넓은 초원에 큰 용늪과 작은용늪의 고층습지가 있음. 그 주위가 마치 화채(punch) 그릇(bowl)같아 펀치볼로 불리우며 해안분지(亥安盆地)가 유명",기점은 양구이다. >양구→팔량리: 시외버스 30분 간격으로 운행         홍천 철정검문소 44번 국도-신남에서 양구방면 46번 국도-용하에서 31번 국도-야촌-팔랑-대암산
472800901,"경상북도 문경시 가은읍, 충청북도 괴산군 청천면",931,산행시간 , 고급,"기암괴석과 폭포·소(沼)가 어우러져 수려한 경관을 이루고 있으며, 속리산 국립공원구역에 포함되어 있는 점 등을 감안하여 선정, 용추폭포와 촛대바위가 있는 선유동계곡 및 `월영대'가 유명","기점은 문경이다. 문경시외버스터미널에서 가은을 경유하는 버스를 탄 후, 가은버스터미널에서 벌바위 마을행 버스를 탄다. > 문경시외버스터미널→가은 : 16회 운행    >가은→벌바위 : 4회 운행     중부고속국도 증평IC→연풍 방면 34번 국도, 중부내륙고속국도 충주IC ->마성 방면 3번 국도"
448100401,충청남도 예산군 덕산면,495.2,산행시간 , 중급,"지역 주민들이 소금강이라고 할 만큼 기암괴석과 어우러진 경관이 수려하고, 도립공원으로 지정(1973년)되어 있는 점 등을 감안하여 선정, 백제 제29대 법왕 원년(599년) 지명법사가 창건한 수덕사(修德寺), 보물 제355호인 마애불과 덕산온천이 유명","기점은  예산과 홍성이다. 수덕사행 시내버스가 예산에서는 20회, 홍성에서는 19회 다닌다. 예산으로는 동서울터미널에서 고속버스가 7회, 남부터미널에서는 17회 있다. 대전에서는 고속버스가 24회, 직행버스는 25분 간격으로 다니며 충남 이외의 도시로는 인천, 청주, 안양에서 버스가 있다. 홍성으로는 동서울터미널에서 6회, 강남터미널과 남부터미널에서는 8회씩 다닌다. 대전에서는 고속버스가 50분 간격, 직행은 18회 다니며 충남 이외의 도시로는 인천, 청주, 안산, 성남, 군산에서 버스가 있다. 장항선 열차로는 새마을호가 5회, 무궁화호가 12회 있다.     서해안고속도로 해미IC→수덕사 방면 45번 국도→나본들고개에서 홍성 방면13번 지국도→외라리에서 덕산 방면 40번 국도"
457300702,"전라북도 무주군ㆍ장수군, 경상남도 거창군ㆍ함양군",1614.2,산행시간 ,초급,"향적봉에서 남덕유까지 17km의 장대한 산줄기를 이루고 있으며, 금강과 낙동강의 수원(水源)이고 국립공원으로 지정(1975년)된 점 등을 고려하여 선정, 덕유산 북쪽으로 흘러 내리는 30여km의 무주구천동계곡(茂朱九千洞溪谷)과 자연휴양림, 신라 흥덕왕5년(830년) 무염국사가 창건한 백련사(白蓮社) 등이 유명","기점은 무주다. 구천동 가는 버스가 20분 간격으로 운행한다. 무주행은 경부선 연계편이 좋으니 대전에서는 54회, 영동에서는 32회나 다닌다. 서울 남부터미널에서는 고속버스가 5회 다니며 대구, 광주, 청주에서도 버스가 있다.  동남쪽 산행 들날머리인 송계사·병곡·산수·황점행 버스는 거창에서 9회, 3회, 3회, 6회 있다. 거창으로는 동서울터미널에서 8회, 남부터미널에서 14회(심야 2회) 다닌다. 경남 이외의 도시로는 대구, 인천, 광주, 대전, 전주, 김천에서 버스가 있다.  가장 남쪽의 영각사 방면으로는 함양에서 군내버스가 6회 다닌다. 함양으로는 직통버스가 동서울터미널에서 10회, 남부터미널에서 10회(심야 2회) 있다. 경남 이외의 도시로는 대구, 인천, 광주, 대전, 수원, 전주, 김천에서 버스가 다닌다.대전-통영고속국도가 개통되면서 교통이 편리해졌다. 무주IC에서 37번 국도로 접어들면 구천동에 닿고 서상IC→26번 국도→37번 지국도를 타면 함양과 거창의 들날머리에 이른다. 칠연계곡을 찾으려면 덕유산IC에서 안성쪽으로 빠진다. "
421900601,"강원도 삼척시 신기면, 태백시 하사미동",1072.9,산행시간 ,초급,"전형적인 경동지괴(傾動地塊) 지형으로 기암절벽과 초원이 어우러져 있으며 갈매굴, 제암풍혈, 양터목세굴, 덕발세굴, 큰재세굴 등 석회동굴이 많이 소재하고, 대이동굴 군립공원(1996년 지정) 구역내인 점 등을 고려하여 선정, 약 4∼5억년 전에 이루어진 길이 6.9㎞, 천장높이 30m에 이르는 동양최대의 동굴인 환선굴(幻仙窟 : 천연기념물 제178호)이 유명","기점은 태백과 삼척이다. 태백에서는 점촌행이 8회, 삼척에서는 대이리행이 9회 운행한다. 강원도 이외 지역으로 태백행 버스가 있는 도시는 서울, 인천, 수원, 성남, 의정부, 고양, 안산, 포항, 대구, 안동, 봉화, 예천이고 삼척은 서울, 부산, 울산, 경주, 포항, 울진, 대구, 대전에서 버스가 다닌다. 하루 4회 있는 열차를 이용, 태백이나 도계역에 내리면 편리한데 청량리발 태백선은 도계역에 10시, 14시, 17시, 영동선은 5시 50분에 도착한다.     ①영동고속국도→동해고속국도 동해IC→7번 국도→삼척에서 태백 방면 38번 국도.  ②점말로 갈 경우에는 미로에서 424번 지방도로 들어 댓재를 넘은 다음 숙암교에서 35번 국도. ③영남지방에서 올 때는 7번 국도로 오다 원덕(호산)에서 416번 지방도를 타고 태백으로 들어 38번이나 35번 국도로 접어든다.  ④중앙고속국도 영주IC→영주 방면 28번 국도→영주에서 36번 국도→법전에서 35번 국도도 가능하다."
438002801,"충청북도 단양군  단성면, 대강면",965.3,산행시간 ,초급,"소백산과 월악산 중간에 위치하며, 단양8경인 하선암, 중선암과 사인암 등이 산재해 있는 바위산으로 경관이 수려한 점 등을 고려하여 선정, 남한강 지류인 단양천 10여km 구간에 있는 하선암(下仙岩)과 쌍룡폭포·옥렴대·명경대 등 웅장한 바위가 있는 중선암(中仙岩), 경천벽, 와룡암, 일사대, 명경담 등이 있는 상선암(上仙岩)이 특히 유명",기점은 단양이다.  벌천리까지 06:20~19:40 1일 9회 운행. 방곡행 시내버스. 상금교 지나 상선휴게소에서 하차한다. 40분 소요.  신단양버스터미널 ☎043-422-2866    중앙고속국도 단양IC-5번국도-단양팔경 방면 59번국도
113200102,"서울특별시 도봉구, 경기도 의정부시 호원동ㆍ양주시 장흥면",740.2,산행시간 ,초급,"최고봉인 자운봉을 중심으로 만장봉, 선인봉, 원도봉계곡, 용어천계곡, 송추계곡 등 경관이 수려하고 국립공원으로 지정(1983년)되어 있으며, 수도권 시민의 휴식처인 점 등을 고려하여 선정, 암벽등산에 최적지이며, 회룡사(回龍寺), 망월사(望月寺), 천축사(天竺寺), 보문사(普門寺) 등이 유명","지하철을 이용하면 편리하다. 도봉동 방면은 1호선과 7호선 도봉산역, 망월사와 회룡사 방면은 1호선을 타고 조금 더 가 같은 이름의 역에서 내린다. 송추쪽은 3호선 구파발역에서 내려 송추행 7023번 버스나 704번, 의정부행 34, 36번 버스를 탄다.                서울외곽순환고속국도가 개통되어 접근이 한결 편리해졌다. 도봉동이나 회룡사쪽은 의정부IC에 내리면 금방이고 송추쪽 역시 송추IC가 있다."
468201301,전라남도 해남군 삼산면ㆍ북일면ㆍ북평면ㆍ현산면,700,산행시간 ,초급,"한반도의 최남단 해남반도에 솟아 있는 산으로서 왕벚나무의 자생지가 있으며, 다도해를 조망하기에 적합하고 도립공원으로 지정(1972년)된 점 등을 감안하여 선정, 봄의 춘백, 여름의 녹음, 가을의 단풍, 겨울의 동백 등으로 유명하며 유자(柚子), 차(茶)의 산지로 알려져 있음. 보물 제320호인 삼층석탑을 비롯하여 많은 문화재를 보존하고 있는 대흥사(大興寺)가 있음","대둔사행 군내버스가 30분 간격으로 운행하는 해남이 기점이다. 해남행 고속버스는 동서울터미널에서 40분 간격, 강남터미널에서는 7회 있다. 전라남도 이외 지역으로는 부산과 마산에서 버스가 있다.     ①호남고속국도 광산IC→나주 방면 13번 국도→해남에서 807번 지방도.  ②서해안고속국도 목포IC→강진 방면 2번 국도→성전에서 해남 방면 13번 국도.  ③동쪽에서는 호남고속국도 순천IC→벌교 방면 2번 국도→성전에서 13번 국도다. "
422301901,"강원도 동해시 삼화동, 삼척시 미로면ㆍ하장면",1357,산행시간 ,초급,"무릉계곡 등 경관이 아름다운 점 등을 고려하여 선정, 삼화사(三和寺), 관음암(觀音庵), 두타산성(頭陀山城)이 있음. 바위에 50여개의 크고 작은 구멍이 패여 산이름이 붙여졌으며, 예로부터 기우제를 지내는 등 토속신앙의 기도처인 쉰움산(五十井山)이 유명","기점은 동해다.  동해로는 서울 강남터미널에서 고속버스가 사오십분 간격으로 있다. 부산, 대구, 울산, 포항, 경주, 춘천, 태백과 관동지방 도시들에서도 직행버스가 다닌다.  - 동해→무릉계곡: 시내버스 20분 간격 운행      영동고속도로 강릉분기점→동해고속도로 동해IC→동해 방면 7번 국도→무릉계곡 방면 42번 국도 삼척군 하장면의 중봉리나 댓재로 갈 때는 동해에서 태백 방면 38번 국도를 타고 미로면에서 424번 지방도로 갈아탄다."
287100601,인천광역시 강화군 화도면,472.1,산행시간 ,초급,"단군시조의 전설이 간직된 산으로 역사·문화적 가치 등을 고려하여 선정, 사적 제136호인 참성단(塹星壇), 함허동천, 사적 제130호인 삼랑산성이 있음. 또한 많은 보물을 보존하고 있는 정수사(淨水寺) 및 전등사(傳燈寺)등이 있으며, 성화를 채화하는 장소이기도 함","기점은 강화읍이다. 읍내 터미널에서 상방리행(국민관광단지)이나 사기리(함허동천)행 버스를 이용하면 된다. 강화행 버스는 서울 신촌에서 10분, 영등포에서는 15분, 인천에서는 20분 간격으로 있다. 부평과 안양에서도 다닌다.  > 강화읍→상방리 : 30~40분 간격으로 06:00~21:30까지 운행. > 사기리→강화읍 : 06:00~20:25까지 1일 7회 운행.    ①서울 올림픽대로 끝에서 행주대교 램프 다음 갈림길로 접어들어 강변로를 타고가면 멋진 드라이브를 할 수 있다. 이걸 지나쳤을 때는 김포 방면 46번 국도를 탄다. 강화대교를 건넌 다음에는 84번 지방도→찬우물삼거리→인산삼거리→화도→상방리.  ②제2강화대교라 할 초지대교를 건너면 금방 마니산인데 이를 위해서는 김포 양촌면 양촌주유소에서 좌회전, 356번 지방도를 탄다."
457200901,전라북도 진안군 진안읍ㆍ마령면,687.4,산행시간 ,초급,"특이한 지형을 이루고 있으며, 섬진강과 금강(錦江) 발원지이고 도립공원(1979년)으로 지정된 점 등을 고려하여 선정, 중생대 백악기에 습곡운동을 받아 융기된 역암이 침식작용에 의하여 형성된 산으로 산의 형상이 마치 말의 귀를 닮았다 하여 마이산으로 불려짐. 암마이산 남쪽 절벽 밑에 있는 80여개의 크고 작은 돌탑이 있는 탑사(塔寺)와 금당사(金塘寺)가 유명","기점은 진안이다. 진안에서 마이산 북부주차장으로는 완행버스가 17회, 남부주차장으로는 4회 운행한다. 진안으로는 서울 강남터미널과 부산 사상터미널에서 직행버스가 4회씩 있으며 전주에서는 10분, 대구에서는 30분 간격으로 다닌다.    호남고속국도 전주 IC->진안 방면 26번 국도, 대전통영고속국도 무주IC->진안방면 30번 국도"
427800701,"강원도 철원군 갈말읍, 경기도 포천시 영북면ㆍ이동면",922,산행시간 , 중급,"도평천(都坪川), 영평천(永平川), 한탄강의 수계를 이루며, 산세가 가파르고 곳곳에 바위가 어우러져 경관이 아름다운 점 등을 고려하여 선정, 산 북쪽으로 삼부연폭포와 남쪽으로 산정호수를 끼고 있음. 전설에 의하면 왕건(王建)에게 쫓기던 궁예(弓裔)가 피살되었던 곳으로 유명",포천이 기점이다.  포천시외버스터미널 ☎031-532-5217.  - 포천→동송(산정호수) 10분 간격 운행  - 운천→산정호수 30분 간격 운행    ① 서울-43번 국도-포천읍-포천 영북면에서 좌회전-78번 지방도-산정호수 ② 서울-47번 국도-포천군 일동면-이동면 장암리에서 우회전-78번 지방도-산정호수
418201401,경기도 가평군 북면ㆍ하면,1252.3,산행시간 , 중급,"경기도내에서 두 번째로 높은 산으로 경기도의 최고봉인 화악산(1,468m)과 가평천을 사이에 하고 있으며, 강씨봉, 귀목봉, 청계산, 우목봉 등 산세가 웅장하고 군립공원으로 지정된 점 등을 감안하여 선정, 20여km를 흐르는 산 동쪽의 가평천 계곡과 익근리계곡의 명지폭포가 유명. 명지산 일대의 산과 계곡들은 경기도내에서는 첫째가는 심산유곡으로 알려져 있음","기점은 가평이다.  경춘선 열차가 1시간 간격으로 지나고 동서울터미널에서는 15분, 상봉동터미널에서는 20분 간격으로 직행버스가 다닌다. 인천, 수원, 의정부,안산에서도 직행이 있다.   - 가평→익근리 : 5회 있는 적목리(용수동)행을 타고가다 명지산 입구에서 내린다   - 가평→백둔리 : 4회 운행   - 이동→상봉동 : 1일 9회 운행(일동 경유)     경춘(46번)국도로 가다 가평읍내에서 75번국도로 갈아탄다."
452100701,"전라북도 김제시 금산면, 전주시 완산구, 완주군 구이면",795.2,산행시간 ,초급,"진달래와 철쭉이 유명한 호남 4경의 하나이며, 도립공원으로 지정(1971년)된 점 등을 고려하여 선정, 신라 말에 견훤이 이 곳을 근거로 후백제를 일으켰다고 전해짐. 국보 제62호인 미륵전을 비롯하여 대적광전(보물 제467호)·혜덕왕사응탑비(보물 제24호)·5층석탑(보물 제27호)등 많은 문화재가 있는 금산사(金山寺)가 있음. 특히 미륵전에 있는 높이 11.82m나 되는 미륵불이 유명","기점은 전주지만 김제를 경유하면 편하다. 김제역에서 금산사까지 택시로 15분 걸린다. 김제로는 호남선 KTX가 6회, 열차는 19회 다닌다. 전주에서는 중인동이나 금산사, 구이행 시내버스를 이용한다.    호남고속도로국도 금산사IC에서 빠진다. 원평을 지나 표지판을 따라가면 금산사에 이른다. 구이로 갈 경우에는 서전주IC로 나와 716번 지방도로 가다 완산구청 사거리에서 우회전, 2킬로미터 앞에서 27번 국도를 탄다."
291700501,"광주광역시 동구, 전라남도 담양군 남면ㆍ화순군 이서면",1186.8,산행시간 ,초급,"최고봉인 천왕봉 가까이에는 원기둥 모양의 절리(節理)가 발달하여 기암괴석의 경치가 뛰어나고, 도시민의 휴식처이며, 도립공원으로 지정(1972년)된 점 등을 고려하여 선정. 보물 제131호인 철조비로자나불좌상 등이 있는 증심사(證心寺)와 원효사(元曉寺)가 유명","기점은 광주다.  광주시내에서 무등산 가는 시내버스가 많다. 증심사 방면으로 가려면 광주역에서 17번이나 222번 버스를 타고 도청에서 내려 15번이나 555번으로 환승하면 된다.    - 도청→증심사 지구 : 15번, 555번 운행, 광주시 대중교통과 ☎062-613-4511~8 - 도청→원효사 지구 : 1187번 운행    호남고속국 동광주IC-제2순환도로-두암IC-원효사"
481500901,경상남도 창원시 교방동ㆍ두척동ㆍ내서읍,761.4,산행시간 ,초급,"도시민의 휴식처로서 경관이 좋은 아기자기한 능선과 다도해를 바라다보는 조망이 좋은 점 등을 고려하여 선정. 정상 북서쪽에 있는 시루봉 일대의 바위는 좋은 암벽등반 훈련장임. 예전부터 양조업이 성할 정도로 수질이 좋음. 서원골 입구에 최치원의 제자들이 세운 관해정(觀海亭)이 있고 부근 원각사, 백운사 등이 유명","기점은 마산이다. 마산고속버스터미널과 마산시외버스터미널 어느 곳이든 시내버스와 연계된다.   - 마산고속버스터미널→서원골 : 71번, 71-1번  - 마산기차역→서원골 :  28번 208번       - 마산시외버스터미널→서원골 : 10번, 10-1번    남해고속국도-서마산IC-첫번째 도로에서 우회전-서원골"
482201101,경상남도 통영시 산양읍ㆍ봉평동,458.4,산행시간 , 중급,"충무시와 연육교로 이어지는 미륵도(彌勒島)의 복판에 솟은 산으로 한려해상국립공원의 아름다운 경관을 한눈에 조망할 수 있는 등 경관이 아름다운 점 등을 고려하여 선정. 지형도에는 용화산(龍華山)으로 표기되어 있으며, 석조여래상(경남유형문화재 43호)과 고려중기의 작품인 지장보살상과 시왕상 등이 보존되어 있는 용화사(龍華寺)가 있음. 도솔선사(兜率禪師)가 창건한 도솔암, 관음사(觀音寺), 봉수대터 등이 유명.","기점은 통영이다.  - 통영→용화사 : 20번, 21번 시내버스 이용    대전통영간고속국도-통영-67번 지방도-용화사"
482201101,"충청북도 영동군, 전라북도 무주군, 경상북도 김천시",1241.7,산행시간 , 고급,"1000m 이상의 고산준봉을 거느리고 울창한 산림과 바위가 어우러져 있으며, 국내 최대 원시림 계곡인 물한계곡이 있는 점 등을 고려하여 선정. 물이 차다는 한천마을 상류에서부터 약 20㎞를 흐르는 깊은 계곡으로, 원시림 등이 잘 보존된 손꼽히는 생태관광지인 물한계곡(勿閑溪谷)이 특히 유명. 정상 남쪽 50m쯤 아래에는 삼두마애불상이 있음. 충북, 전북, 경북의 경계인 삼도봉과 연접","기점은 영동, 황간이다.  영동- 물한리 06:20~17:50 1일 5회 시내버스(☎043-742-3971) 운행 무주 설천면에서 미천리행 버스(1일 3회)가 대불리 입구 하차    경부고속국도 황간IC→21번군도매곡면-상촌면-물한계곡주차장"
457900601,"전라남도 장성군, 전라북도 고창군 신림면ㆍ정읍시 입암면",733.6,산행시간 , 초급,"옛부터 지리산, 무등산과 함께 호남의 삼신산으로 불려져 왔으며, 전북과 전남을 양분하는 산으로서 산세가 웅장하고 자연휴양림인 점 등을 고려하여 선정. 옛이름은 방등산으로 백제가요중 `방등산가'의 방등산이 바로 방장산임. 정상에서 멀리 서해바다와 동쪽으로 무등산이 보임.","고창이 기점이다. 고창에서 상월이나 월암, 석정온천행은 30분 간격으로 있고 신평리의 경우 6회 있는 정읍행을 탄다. 고창으로는 서울 강남터미널에서 고속버스가 16회 있다. 전라북도 이외 도시로는 광주와 목포에서 버스가 다닌다. 휴양림으로 갈 경우에는 호남선 백양사역에서, 갈재를 들날머리로 할 경우에는 정읍에서 택시를 이용한다.     서해안고속국도 고창IC→고창 방면 15번 지국도 갈재로 갈 때는 호남고속국도 백양사IC→정읍 방면 1번 국도가 정읍IC보다 수월하다."
428102201,"강원도 인제군 기린면ㆍ상남면, 홍천군 내면",1445.7,산행시간 ,초급,"가칠봉(1,241m), 응복산(1,156m), 구룡덕봉(1,388m), 주걱봉(1,444m) 등 고산준봉을 거느리고 있으며 한국에서 가장 큰 자연림이라고 할 정도로 나무들이 울창하고, 희귀식물과 희귀어종이 많은 생태적 특성 등을 고려하여 선정. 정감록에는 난을 피해 숨을만한 피난처로 기록되어 있음. 자연휴양림이 있으며, 높이 10m의 이폭포와 3m의 저폭포가 있는 적가리골 및 방동약수, 개인약수 등이 유명.","기점은 홍천이다. 적가리 가까운 현리로 완행이 15회, 직행은 1시간 간격으로 운행한다. 미산리로 갈 경우에는 중간에 상남에서 내려 택시를 탄다. 살둔을 들머리로 잡을 때는 직행 8회, 완행 4회의 내면행 버스를 이용한다. 홍천행 버스는 동서울터미널에서 52회, 상봉터미널에서 41회 있다. 강원도 이외의 도시로는 부산, 울산, 포항, 대구, 안동, 대전, 전주, 인천, 수원, 안산, 고양, 의정부에서 버스가 있다.     ①설악산 갈 때처럼 44번 국도→홍천 읍내에서 444번 지방도→상남면에서 451번 지방도로 조금 가다 31번 국도→현리에서 418번 지방도다. 44번 국도로 계속 가다 굴운리에서 56번 국도, 철정검문소에서 451번 지방도로 갈아탈 수도 있지만 결국은 31번으로 모아진다.  ②개인산장을 들머리로 잡았을 때는 상남에서 446번 지방도로 빠진 다음 남전동에서 내린천에 걸린 다리를 건너 비탈길로 오른다.  ③살둔산장으로 가려면 56번 국도를 타고 내면까지 계속 가 광원리에서 내린천을 따라 난 446번 지방도로 접어든다."
427602301,"강원도 평창군 방림면, 횡성군 안흥면, 영월군 수주면",1350.1,산행시간 , 중급,"사자산(1120m), 사갓봉(1020m), 솟때봉(884m) 등이 솟아 있어 산세가 웅장하고 골이 깊은 등 경관이 좋으며, 평창강(平昌江)과 주천강(酒泉江)의 수계인 점 등을 고려하여 선정, 신라 때 자장율사가 창건하였다고 전해지는 법흥사(法興寺)와 경내에 있는 보물 제613호로 지정된 징효대사보인탑이 유명","기점은 주천(주천터미널 ☎033-372-7101)이다.  들머리가 문재일 경우 정선행 버스를 이용하고 법흥사일 경우에는 영월, 제천, 원주행 버스를 이용하면 된다.  - 영월→주천 1일 12회 - 제천→주천 1일 13회 - 원주→주천 1일 9회  - 주천→법흥사 1일 5회    영동고속국도 새말IC-평창 방면 42번 국도-안흥-문재터널-상동"
468801201,"전라북도 순창군 복흥면, 잔라남도 장성군 북하면",741.2,산행시간 , 초급,"봄이면 백양, 가을이면 내장이라 하듯이 경관이 수려하고 천연기념물인 비자나무와 굴거리나무가 집단분포하고 있으며, 내장산국립공원구역에 포함되어 있는 점 등을 고려하여 선정, 학바위, 백양산 12경, 영천굴 등이 있음. 소요대사부도, 대웅전, 극락보전, 사천왕문을 포함하여 청류암의 관음전, 경관이 아름다운 쌍계루 등 수많은 문화유산들을 보존하고 있는 백양사(白羊寺)가 유명",정읍 사거리 버스터미널에서 백양사행 직행버스를 이용한다.(30분 간격/ 35분 소요) 또는 장성읍에서 20~30분 간격으로 운행하는 백양사행 버스를 타면 된다.    호남고속국도 백양사 IC-장성 방면 1번 국도- 북하면 소재지에서 복흥 방면 891번 지방도-백양주유소 맞은편 길-백양사
462300801,"전라남도 광양시 진상면ㆍ옥룡면ㆍ봉강면ㆍ다압면, 구례군 간전면",1222.2,산행시간 ,초급,"주봉을 중심으로 하여 또아리봉과 도솔봉, 매봉, 억불봉 등 산세가 웅장하며 경관이 수려하고 억새풀과 철쭉 군락, 온·한대 900종의 식물이 서식하는 등 경관·생태적 특징을 고려하여 선정, 자연휴양림이 있으며, 백운사(白雲寺), 성불사(成佛寺) 등이 유명"," 기점은 광양이다. 광양터미널에서 동곡·묵방행 21-2번이 8회, 논실행 21-3번이 4회 운행한다. 광양으로는 동서울터미널에서 우등버스가 13회 다닌다. 부산, 대구, 포항, 경주, 마산, 진주, 하동, 부천, 정읍에서 버스가 있으며 광주에서는 23회, 순천에서는 10분 간격으로 운행한다. 경전선 열차는 부산 부전발이 4회, 광주발과 목포발이 1회씩 있다. ①남해고속국도 광양IC→광양읍내 시계탑사거리에서 우회전→옥룡 방면 11번 군도. ②성불교를 들머리로 할 경우에는 옥룡면소에서 5번 군도→봉강면소에서 865번 지방도. ③내희마을로 갈 경우에는 남해고속국도 옥곡IC→옥곡면소에서 6번 군도→진상면소에서 2번 국도나 진월IC→2번 국도"
427708601,"강원도 정선군 신동읍, 평창군 미탄면",883.5,산행시간 , 고급,"동강의 가운데에 위치하고 있어 경관이 아름답고, 조망이 좋으며 생태계보존지역으로 지정되어있는 점 등을 고려하여 선정 흰구름이 늘 끼어 있는데서 산 이름이 유래, 오대산에서 발원하는 오대천과 조양강(朝陽江)을 모아 남한강으로 흐르는 동강 및 천연기념물 제260호로 지정(1979년)된 백룡동굴(白龍洞窟)이 유명","행정구역과는 달리 기점은 영월군 신동읍이다. 예미역 앞에서 출발하는 운치리행 버스를 타고 종점 점재나루에서 내린다. 예미역으로는 청량리발 태백선 열차가 5회 다닌다. 신동으로는 동서울터미널에서 11회 운행하는 태백행 직행버스나 영월에서 28회 운행하는 태백행 직행버스를 이용한다. 영월로는 춘천, 원주, 강릉, 대구, 인천, 수원, 성남, 의정부, 안산, 고양, 청주에서 버스가 다닌다.     ①중부내륙고속국도 제천IC→영월 방면 38번 국도-신동읍-고성리.  ②점재마을, 제장마을, 문희마을 쪽은 영월읍에서 미탄 방면 413번 지방도-미탄-마하리-문희마을."
416501801,"경기도 포천시 이동면, 강원도 화천군 사내면",903.1,산행시간 ,초급,"수려한 계곡미를 가지고 있으며 광덕산, 국망봉, 박달봉 등과 같은 높은 봉우리들과 무리를 이뤄 계곡·단애(斷崖) 등 독특한 경관을 가지고 있는 점 등을 고려하여 선정, 백운동 계곡 및 신라 말 도선이 창건하였다고 전하는 흥룡사(興龍寺)가 유명",기점은 서울이다.  이동 경유 사창리행을 타고 광덕고개에서 내린다. 운전기사에게 사전 양해가 필요하다.  - 서울→사창리 : 하루11회 운행    퇴계원 통해 47번 국도-사창리 이어지는 316번 지방도-광덕고개
458002001,"전라북도 부안군 변산면, 상서면, 진서면",508.6,산행시간 ,초급,"울창한 산과 계곡, 모래해안과 암석해안 및 사찰 등이 어울려 뛰어난 경관을 이루고 있으며 국립공원으로 지정(1968년)된 점 등을 고려하여 선정, 산이면서 바다와 직접 닿아 있는 특징이 있음. 직소폭포, 가마소, 봉래구곡, 채석강, 적벽강 및 내소사, 개암사 등 사찰과 호랑가시나무, 꽝꽝나무 등 희귀동·식물이 서식",기점은 부안이다. 부안행 직통 버스를 이용할 수 없을 경우 일단 전주로 가면 부안행 버스가 많이 있다. > 부안→내소사 : 30분 간격 운행    >부안→격포 : 10분 간격 운행. > 격포→내소사 : 1일 7회 운행     서해안고속국도 부안 혹은 줄포IC-변산 방면 30번 국도
113050202,"서울특별시 강북구ㆍ성북구ㆍ종로구ㆍ은평구, 경기도 고양시ㆍ양주시",835.6,산행시간 ,초급,"최고봉인 백운대를 위시하여 인수봉, 만경대, 노적봉 등 경관이 수려하고 도시민들의 휴식처이며 국립공원으로 지정(1983년)되어 있는 점 등을 고려하여 선정, 북한산성, 우이동계곡, 정릉계곡, 세검정계곡 등이 유명. 도선국사가 창건한 도선사(道詵寺), 태고사(太古寺), 화계사(華溪寺), 문수사(文殊寺), 진관사(津寬寺) 등 수많은 고찰이 있음","지하철 3호선과 4호선이다. 우이동은 4호선 수유역에서 내려  101번, 1217번, 북악터널은 길음역에서 7211번을 타고 국민대에서 내린다. 구기동은 3호선과 6호선 불광역에서 7022번과 7211번, 북한산성은 구파발역에서 704번을 탄다. > 수유역→우이동 : 5분 간격 운행    >불광역→구기터널 : 5분 간격 운행. > 구파발→산성매표소 : 5분 간격 운행     서울외곽순환고속국도 의정부IC->서울 방면 3번 국도->방학사거리에서 좌회전->우이동. 북한산성과 구파발쪽은 서울외곽순환고속국도 송추IC->서울 방면 39번 지방도"
277101501,"대구광역시 달성군 옥포면ㆍ유가면ㆍ가창면, 경상북도 청도군 각북면",1083.4,산행시간 , 중급,"봄에는 진달래, 가을에는 억새 등 경관이 아름다우며, 조망이 좋고 군립공원으로 지정된 점 등을 고려하여 선정, 북쪽의 팔공산과 함께 대구분지를 형성하며 낙동강을 끼고 있음. 고려말 공민왕 7년(1358년) 진보법사가 창건한 소재사(消災寺) 등이 유명",기점은 대구다.  대구서부시외버스정류장에서 10~20분 간격으로 운행하는 현풍행 버스를 탄다. 요금은 1600원이며 40분 정도 소요된다.  현풍 시외버스정류장에선 유가사행 버스가 1일 7회 운행한다.    구마고속국도 현풍IC-유가사
421102701,강원도 춘천시 서면,655.8,산행시간 , 중급,"고고시대에 형성된 등선계곡과 맥국시대의 산성터가 있는 유서깊은 산으로 기암괴석의 경관이 아름답고, 의암호와 북한강을 굽어보는 조망이 좋은 점 등을 고려하여 선정, 남쪽 골짜기 초입의 협곡과 등선폭포(登仙瀑布)가 특히 유명하고, 흥국사(興國寺), 금선사(金仙寺), 상원사(上院寺) 등 7개 사찰이 있음.","기점은 강촌역이다. 청량리역에서 강촌행 열차를 이용할 수 있다.  - 청량리역→강촌역 무궁화호 운행  - 강촌역→삼악산, 등선폭포 20분 간격 운행    46번 경춘국도-청평-가평-강촌 검문소-등선폭포 입구-403번 지방도"
447101401,"충청남도 금산군 추부면ㆍ군북면, 충청북도 옥천군 군서면",905.3,산행시간 , 고급,"충청남도에서는 제일 높은 산으로 곳곳에 기암괴석과 바위 절벽이 있어 중부의 금강이라고 일컬을 정도로 경관이 아름다우며, 산정에서의 조망이 좋은 점 등을 고려하여 선정, 용굴, 사자굴, 견우장년대, 직녀탄금대, 북두칠성바위 등이 유명","드림리조트행 버스가 11회 운행하는 추부가 기점이다. 원흥사로 가려면 8회 있는 군북행을 타면 된다. 추부까지는 대전역에서 501, 520번을 타면 된다. 장룡산자연휴양림이나 안보광리는 옥천읍이나 군북면에서 택시를 이용한다.     경부고속국도 옥천IC→금산 방면 37번 국도 장룡산자연휴양림으로 오갈 때는 군서면에서 이정표를 따르면 된다."
457901001,전라북도 고창군 아산면ㆍ심원면ㆍ해리면,334.7,산행시간 ,초급,"산세는 별로 크지 않으나 숲이 울창하고 곳곳이 기암괴석으로 이루어져 있어 경관이 빼어나며 천연기념물 제184호인 동백나무 숲이 있는 등 생태적 가치가 크고 도립공원으로 지정(1979년)된 점 등을 고려하여 선정, 백제 위덕왕 24년(577년) 검단선사가 창건한 선운사(禪雲寺)와 수령 5백년의 동백나무 ３천여 그루가 군락을 이루고 있는 선운사 동백 숲이 유명","기점은 고창이다. 고창시외버스정류장에서 직행버스가 8회, 군내버스는 30회 운행한다. 고창으로는 서울 강남터미널에서 고속버스가 16회 있다. 전라북도 이외 도시로는 광주와 목포에서 버스가 다니는데 광주에는 선운사행 직행도 있다.     서해안고속국도 선운산IC→22번 국도-선운산"
428302602,"강원도 속초시 설악동, 인제군 북면ㆍ인제읍, 양양군 서면ㆍ강현면",1708.1,산행시간 ,초급,"남한에서 세 번째로 높은 봉우리인 한계령, 마등령, 미시령 등 수많은 고개와 산줄기·계곡들이 어우러져 한국을 대표하는 산악미의 극치를 이루고 있으며, 국립공원(1970년 지정) 및 유네스코의 생물권 보존지역으로 지정(1982년)되어 관리되고 있는 점 등을 고려하여 선정, 백담사(百潭寺), 봉정암(鳳頂菴), 신흥사(新興寺), 계조암(繼祖菴), 오세암(五歲庵), 흔들바위, 토왕성폭포, 대승폭포 등이 특히 유명","기점은 속초다.  서울 동서울종합터미널과 강남고속버스터미널에서 고속버스가 30분 간격으로 있고 심야버스도 두 편 있다.  속초로 시외버스가 다니는 도시는 부산, 대구, 광주, 대전, 울산, 수원, 성남, 춘천, 안산, 일산, 의정부, 충주, 태백, 포천 등이다.  내설악 방면은 동서울동합터미널이나 상봉터미널에서 홍천 경유 직행을 이용한다.   - 속초→설악동: 7번, 7-1번 시내버스 10분 간격 운행    영동고속국도 현남IC-속초 방면 7번 국도. 내설악은 중앙고속국도 홍천IC-44번 국도-원통 민예단지삼거리에서 46번 국도"
479400901,경상북도 울릉군 울릉읍 서면ㆍ북면,986.5,산행시간 ,초급,"휴화산인 울릉도의 최고봉으로서 울릉도 모든 하천의 수원을 이루고, 식생이 특이한 원시림이 잘 보전되어 있는 점 등을 감안하여 선정, 울릉도에서는 유일하게 평지를 이룬 나리분지(羅里盆地)와 천연기념물 제189호로 지정(1967년)된 원시림에 유명. 나리동의 울릉국화·섬백리향의 군락은 천연기념물 제52호(1962년)로 지정되어 있음","울릉도로 가는 배는 포항(☎054-242-5111∼5), 동해(☎033-531-5891∼2)에서 매일, 후포(☎054-787-2811∼2)에서는 부정기적으로 있다. 기상특보가 발령되면 결항하니 반드시 집을 나서기 전에 확인해봐야 한다. 섬 일주 유람선은 도동에 있는 여객선터미널에서 탄다. 성수기에는 9회, 비수기에는 2회 있다. ☎054-791-4468/7010 도동에서 출발하는 군내버스는 남양, 태하를 거쳐 천부까지 가는 것과 저동의 내수전, 봉래폭포행이 있다.     포항에서 출발하는 썬플라워호에만 실을 수 있다."
438001301,"경상북도 영주시 풍기읍, 충청북도 단양군 단양읍",1439.7,산행시간 ,초급,"국망봉에서 비로봉, 연화봉으로 이어지는 해발 1,300여m의 일대 산군으로 1,000m이상은 고원지대와 같은 초원을 이루고 있으며, 국망천과 낙동강 상류로 들어가는 죽계천이 시작되고 국립공원으로 지정(1987년)된 점 등을 고려하여 선정, 주봉인 비로봉 일대에는 주목군락지(천연기념물 제244호)와 한국산 에델바이스인 솜다리가 군락을 이루고 있음. 희방사(喜方寺), 구인사, 소수서원(紹修書院 : 사적 제55호), 부석사(浮石寺), 온달성, 국립천문대","기점은 단양과 풍기이다.  중앙선 단양역(☎043-422-7788), 희방사역(☎054-638-7788), 풍기역(☎054-636-7788)에서 하차.  풍기에서 희방사행 06:30~19:00 30분 간격 30분 소요. 단양에서 천동리행 버스(☎043-422-3214)가 1일 14회 운행한다.     중앙고속국도 풍기IC- 죽령방면 5번, 36번 국도"
412500201,"경기도 동두천시, 포천시 신북면",587.5,산행시간 ,초급,"규모는 작으나 상백운대, 하백운대, 중백운대 등 경관이 아름답고, 등산인의 선호도가 높아 '81년 국민관광지로 지정된 점을 고려하여 선정, 원효폭포, 청량폭포, 선녀탕절벽과 가을철 단풍이 유명하며, 신라 무열왕 1년(654년)에 원효대사가 창건하였다고 전해지는 자재암이 있음.","경원선 열차를 타고가다 소요산역에 내리거나 의정부 시외버스터미널에서 20분 간격으로 다니는 완행버스, 25분 간격으로 있는 전곡행 직행버스를 이용한다.     서울 동반부는 3번 국도, 서반부는 서울교외선 철도와 인접한 39번 국도를 이용한다."
437201201,"경상북도 상주시 화북면, 충청북도 보은군 내속리면",1058.4,산행시간 ,초급,"예로부터 산세가 수려하여 제2금강 또는 소금강이라고도 불리울 정도로 경관이 아름답고 망개나무, 미선나무 등 1,000여 종이 넘는 동식물이 서식하고 있으며, 국립공원으로 지정(1970년)된 점 등을 고려하여 선정, 법주사(法住寺), 문장대, 천연기념물 제103호인 정이품송(正二品松) 및 천연기념물 제207호인 망개나무가 유명","기점은 보은이나 청주다.   - 보은(☎043-543-1580)에서 속리산은 07:20~21:30, 10분 간격 군내버스 운행. 20분 소요.  - 청주(☎043-234-6543)에서 속리산은 보은을 거쳐 06:30~20:40 1일 29회 시외버스 운행. 1시간 50분 소요    경부고속국도 청주 혹은 옥천IC→보은→속리산"
317102401,울산광역시 울주군 삼남면ㆍ상북면,1159.3,산행시간 ,초급,"영남알프스 산군에 속하는 산으로 능선에는 광활한 억새와 바위절벽, 완만한 지대가 조화를 이루고 있으며 작천계곡, 파래소폭포 등이 있고 군립공원인 점 등을 고려하여 선정, 신불산 폭포자연휴양림 등이 유명","언양이 기점이다. 9회 있는 양산행 완행버스를 타면 산 동쪽 어디든지 내릴 수 있다. 산 서쪽은 3회 있는 청도행 직행버스를 이용한다. 언양으로 가는 고속버스는 동서울터미널에서 4회(1회는 심야), 남부터미널에서 4회 있다. 경상남도 이외의 도시로는 오산, 수원, 안산 등지에서 버스가 다닌다. 가까운 울산과 부산에서는 셀 수 없이 많다. 경부고속도로국도 서울산IC→35번 지국도나 24번 국도"
488205101,경상남도 고성군 개천면ㆍ영현면,524,산행시간 ,초급,"경관이 아름답고 오래된 사찰과 문화재가 많으며 도립공원으로 지정(1983년)된 점 등을 고려하여 선정, 산 중턱에 큰 대밭이 있음. 유서 깊은 옥천사(玉泉寺)와 연대암·백련암·청연암 등이 유명",기점은 고성이다. 옥천사 아래 개천면소까지 가는 완행 버스가 두시간 가격으로 있다. 고성행 직통버스를 놓쳤을 경우에는 통영행 버스를 타고 고성에서 하차한다. 진주에서 옥천사행 버스를 이용해 직접 갈 수도 있다.남해고속국도-마산과 고성을 잇는 14번 국도- 배둔에서 1007번 지방도-옥천사 진입로
421504602,"강원도 평창군 진부면, 홍천군 내면, 강릉시 연곡면",1565.4,산행시간 ,초급,"국내 제일의 산림지대를 이루고 있으며, 경관이 수려하여 국립공원으로 지정(1975년)된 점 등을 고려하여 선정, 연꽃모양으로 둘러선 다섯 개의 봉우리가 모두 모나지 않고 평평한 대지를 이루고 있는데서 산이름이 유래. 월정사(月精寺), 적멸보궁(寂滅寶宮), 상원사(上院寺)가 있음. 골짜기마다 사찰, 암자 등 많은 불교유적이 산재해 있는 등 우리나라 최고의 불교 성지로 유명"," 월정사지구의 기점은 진부(진부시내버스터미널 ☎033-335-6963)이고 소금강지구는 강릉(강릉시외버스터미널 동진버스 ☎033-653-8012, 동해상사 ☎033-653-0320)이다. 진고개로 다니는 시내,시외버스는 모두 없으므로 승용차, 택시를 이용해야 한다. 소금강 분소에서 진고개까지 약 35분 걸린다. - 진부→월정사 : 1시간 간격 운행 - 진부→상원사 : 월정사행 버스 중 7:30~17:20 시간 버스 운행 - 강릉→소금강 : 303번 버스 종점 하차① 월정사지구 : 영동고속국도 진부IC-6번 국도-446번 지방도② 소금강지구 : 영동고속국도 진부IC-6번 국도-진고개"
421103801,"강원도 춘천시 북산면, 화천군 간동면",777.9,산행시간 , 중급,"산세는 크지 않으나 바위와 수목이 어우러진 경관이 아름다운 점 등을 고려하여 선정, 다섯 개의 바위 봉이 연이어 솟아있는 데서 산이름이 유래. 신라때 아도화상이 창건하였다고 전해지는 청평사(淸平寺)와 구성폭포가 유명. 청평사 경내에 있는 보물 제164호인 회전문이 유명"," 기점은 춘천이다. 시내에서 소양댐행 일반버스(11번)와 좌석버스(12-1번)가 30분 간격으로 다니며 청평사행 선편도 마찬가지다. 시외버스터미널에서는 배후령 가는 버스가 14회 있다. 춘천행 직행은 동서울터미널에서 15분 간격, 상봉터미널에서 47회, 부산종합터미널에서 14회 있고 경춘선 열차도 20회 다닌다. 강원도 이외 지역으로는 대구, 울산, 포항, 안동, 전주, 대전, 온양, 천안, 청주, 성남, 수원, 안산, 인천, 고양, 의정부에서 버스가 있다.    서울에서는 경춘가도(46번 국도), 영남지방에서는 중앙고속국도를 이용한다. 호남과 충청지역에서는 중부고속국도 하남분기점→팔당대교→조안면에서 45번국도→새터삼거리에서 경춘가도로 접어든다. 거의 전지역에 춘천행 버스가 있는 강원도에서는 직행 노선을 따라가면 된다. "
418303101,경기도 양평군 용문면ㆍ옥천면,1157.1,산행시간 ,초급,"옛부터 경기의 금강산이라 불리워질 만큼 기암괴석과 고산준령을 고루 갖춘 경관이 뛰어난 산이며, 특히 신라 선덕여왕때 창건한 용문사와 높이 62m, 둘레 14m에 달하는 은행나무(천연기념물 제30호)가 있는 등 역사·문화적 가치가 높은 점을 고려하여 선정, 경기도에서 네 번째로 높은 산으로 미지산이라는 이름으로 불리었는데 조선을 개국한 이태조가 등극하면서 `용문산'이라 바꿔 부르게 되었다는 전설이 있음.", 동서울터미널과 상봉터미널에서 용문사행 버스가 하루 2회씩 있다. 가일리쪽은 상봉터미널에서 8회 있는 유명산행을 이용한다. 6번 신국도를 타고가다 용문나들목으로 빠진다. 
427901901,"강원도 화천군 간동면ㆍ하남면, 춘천시 사북면",877.8,산행시간 , 중급,"파로호, 춘천호, 소양호 등과 연접해 있으며 산림과 기암괴석이 어우러져 경관이 아름다우며 조망이 좋은 점 등을 고려하여 선정, 성불사터가 있으며 광바위, 주전자바위, 바둑바위 등 갖가지 전설을 간직한 실물을 닮은 바위가 유명", 춘천이 기점이다. 버스 운행 횟수가 적으므로 택시를 이용해도 되나 35분 정도 걸린다. - 춘천 후평동→고성2리 양통삼거리 1일 5회 운행 - 고성2리 양통삼거리→춘천 1일 5회 운행 - 춘천 37번 시내버스→고탄 1일 6회 운행 - 화천 시내버스→삼화리 경유 거례리 1일 4회 운행춘천에서 5번 국도로 춘천댐-407번 지방도-고성리에서 403번 지방도
478202401,"경상북도 청도군 운문면, 경상남도 밀양시 산내면",1195.1,산행시간 ,초급,"구연동(臼淵洞), 얼음골이라 부르는 동학(洞壑), 해바위(景岩) 등 천태만상의 기암괴석이 계곡과 어우러져 경관이 수려하고 군립공원으로 지정(1983년)된 점 등을 고려하여 선정, 보물 제835호 대웅전, 제678호 삼층석탑, 제193호 석등, 제316호 원응국사비, 제317호 석조여래좌상 등 각종 문화유적이 있는 운문사가 있음. 석남사 경내에 있는 4백년의 수령을 자랑하는 처진 소나무(반송 : 천연기념물 제180호)가 유명"," 기점은 밀양이다. 밀양 시외버스터미널에서 남명리 경유 석남사행 시외버스가 12회 있다. 밀양으로는 대구 남부터미널에서 11회, 부산 서부터미널에서 40분 간격으로 버스가 다닌다. KTX는 5회, 무궁화와 통일호 열차는 10회 선다. 울산이나 언양 방면에서는 일단 석남사로 간 다음 밀양에서 온 시외버스를 타면 된다. ①경부고속국도 언양IC→산내 방면 24번 국도나 ②중앙고속국도 산외IC→산내 방면 24번 국도"
416502601,"경기도 가평군 하면, 포천시 화현면",934.7,산행시간 ,초급,"주봉인 망경대를 둘러싼 경관이 경기 소금강이라고 불리울 만큼 뛰어난 점 등을 고려하여 선정, 천년고찰인 현등사 및 백년폭포, 오랑캐소, 눈썹바위, 코끼리바위, 망경대, 무우폭포, 큰골내치기암벽, 노채애기소 등 운악8경이 유명"," 현리행 버스는 서울 상봉동터미널에서 광릉내와 청평 경유를 합해 11회, 청량리에서 1시간 간격(1330번 좌석)으로 있다. 현리에서는 상판리행 군내버스(11회)를 타고 현등사 입구에서 내린다. 운주사쪽은 광릉내에서 14회 있는 일동행 군내버스를 이용, 화현리에서 하차한다. 동쪽으로 입산할 경우에는 경춘(46번)국도로 가다 청평에서 37번 국도로 갈아타고 서쪽을 들머리로 한다면 퇴계원에서 47번 국도를 탄다. "
457202301,"전라북도 진안군 주천면, 부귀면, 정천면, 완주군 동상면",1125.8,산행시간 ,초급,"운일암(雲日岩)·반일암(半日岩)으로 유명한 대불천(大佛川) 계곡이 있으며, 물이 맑고 암벽과 숲으로 둘러싸여 경관이 아름답고 자연휴양림이 있는 점 등을 고려하여 선정, 북두칠성의 전설이 담겨있는 `칠성대'와 조선시대 송익필의 전설이 얽혀 있는 `오성대'가 유명","기점은 진안이다. 진안에서 내처사동으로 가는 버스는 하루 7회 있지만 운장산휴게소까지는 버스는 없다. 운일암반일암행은 1시간 간격으로 다닌다. 진안행 버스는 서울 강남터미널과 부산 사상터미널에서 4회씩 있다. 전주에서는 10분, 대구에서는 30분, 대전에서는 한 시간 간격으로 다닌다. ①대전통영간고속국도 금산IC에서 금산읍으로 나와 장수 방면 13번 국도→남이면 매곡리에서 725번 지방도→주천면소에서 55번 지국도를 타고 내처사동으로 간다. ②정수암을 들머리로 할 때는 13번 국도로 안천면까지 가서 진안 방면 20번 국도로 갈아탄 뒤 부귀면 봉암리에서 정수사 진입로로 접어든다. "
431503501,"충청북도 제천시 한수면, 덕산면",1095.3,산행시간 ,초급,"산세가 험준하고 기암이 어우러져 예로부터 신령스런 산으로 여겨졌으며 송계 8경과 용하 9곡이 있고 국립공원으로 지정(1984년)된 점 등을 고려하여 선정, 신라말 마의태자와 덕주공주가 마주보고 망국의 한을 달래고 있다는 미륵사지의 석불입상, 덕주사의 마애불 및 덕주산성 등이 유명", 기점은 충주이다. 송계방면 시내버스(충주교통(☎043-845-5176)이용.  첫차 07:15 막차 18:35. 40분~1시간 간격 운행. 1시간 소요. 충주행 막차 18:00 전후① 중부내륙고속국도 연풍IC-수안보 방면-덕주골 ② 중앙고속국도 단양IC-송계-덕주골
468102301,"전라남도 영암군 영암읍ㆍ군서면ㆍ학산면, 강진군 성전면",810.7,산행시간 ,초급,"경관이 아름다우며 난대림과 온대림이 혼생하여 생태적 가치가 크고 국립공원으로 지정(1988년)된 점 등을 고려하여 선정, 천황봉을 중심으로 무위사 극락보전(국보 제13호), 도갑사 해탈문(국보 제50호)가 있음. 구정봉 밑 용암사터 근처에는 우리나라에서 가장 높은 곳에 위치한 국보 제144호인 마애여래좌상이 유명"," 기점은 영암이다. 하루 11회 있는 호남선 KTX나 9회 있는 열차를 이용하여 광주에 도착, 15분 간격으로 다니는 해남행을 타고 영암에서 내린다. 열차로 목포까지 가 버스를 타도 된다. 영암→천황사: 하루 5회 운행  성전터미널→경포대:  하루 6회 운행  영암→도갑사: 하루 2회 운행    목포→영암: 1시간 간격으로 운행 ①서해안고속국도 목포IC→영암 방면 2번 국도→학산면에서 819번 지방도→월출산②호남고속국도 광산IC→나주 방면 13번 국도 ③호남고속국도 순천IC→여수 방면 17번 국도→순천공설운동장 옆에서 벌교 방면 2번 국도→강진군 성전에서 영암 방면 13번 국도"
468102301,"경기도 가평군 설악면, 양평군 옥천면",864,산행시간 , 초급,"능선이 완만하고 부드러우며, 수량이 풍부한 계곡과 기암괴석 및 울창한 숲이 어우러져 경관이 아름다운 점 등을 고려하여 선정, 신라 법흥왕 27년(540년)에 인도에서 불법을 우리나라에 들여온 마라가미 스님에게 법흥왕이 하사한 사찰인 현등사가 유명. 자연휴양림이 있음"," 상봉터미널에서 청평과 설악을 거쳐 하루 6회 다니는 유명산행 버스를 이용한다. 6번국도를 타고가다 양평읍 조금 못미쳐 옥천에서 좌회전, 37번 국도를 타고 선어치고개를 넘어간다. "
422305301,"강원도 삼척시 가곡면ㆍ원덕읍, 경상북도 울진군 북면",999.7,산행시간 ,초급,"아름다운 여러 계곡들을 끼고 있어 계곡탐험코스로 적합하며, 산림이 울창하고 천연노천온천인 덕구온천과 용소골의 폭포와 소가 많은 등 경관이 아름다운 점을 고려하여 선정, 울진조씨가 매사냥을 하다가 잃어버린 매를 이 산에서 찾고는 산 이름을 응봉이라 한 뒤 근처에 부모의 묘자리를 쓰자 집안이 번성하였다는 전설이 전해지고 있음. 정상에서 멀리 백암산·통고산·함백산·태백산을 조망할 수 있는 곳으로 유명"," 온정리 기점은 울진, 덕풍리 기점은 태백이다. 울진→덕구온천 : 1일 15회 운행,  태백→풍곡(덕풍리 입구) : 1일 4회 운행   중앙고속국도 영주IC-봉화 방면 36번 국도-울진에서 7번 국도-부구에서 917번 지방도-덕구온천이다. 용소골은 중부지방의 경우 영동고속국도-삼척에서 7번 국도-원덕에서 416번 지방도-풍곡이다. 남부지방에서는 중앙고속국도 제천IC-제천 방면 38번 국도-태백에서 416번 지방도-풍곡이다. "
457402601,"전라북도 장수군 장수읍, 계남면",1237.4,산행시간 ,초급,"덕산계곡을 비롯한 크고 작은 계곡과 윗용소, 아랫용소 등 연못 및 기암괴석이 산림과 어우러져 군립공원(1986년)으로 지정된 점 등을 고려하여 선정, 산등에서 동쪽 능선으로 펼쳐진 광활한 갈대밭과 덕산용소계곡이 유명","기점은 장수다. 장수에서 덕산리 행 버스가 08:35, 16:30 두 차례  운행, 택시 이용시 요금은 1만원 안팎이다. 무령고개로 가는 대중교통편은 없으므로 고개 아래마을인 괴목이나 대곡리까지 간 다음 고개까지는 걸어가야 한다. 계남면에서 괴목까지는 하루 6회 운행 군내버스가 다닌다. 대곡리까지는 장계면에서 하루 4회 버스가 다닌다. 대전통영간 고속국도 장수IC에서 나와 19번 국도를 타고 장수읍내로 들어와 742번 지방도와 만나는 교차로에서 왼편으로 들어서면 산행들머리인 덕산리 법년동에 닿는다. 법년동을 지나 중재에 이르면 743번 지방도로와 만나는데 사거리에서 왼편으로 가면 무령고개가 나온다."
482704101,"경상남도 밀양시 단장면ㆍ산내면, 울산광역시 울주군 상북면",1119.1,산행시간 ,초급,"산세가 부드러우면서도 정상 일대에는 거대한 암벽을 갖추고 있어 경관이 아름다우며 우리나라에서 가장 넓은 억새밭인 사자평이 있는 점 등을 고려하여 선정, 삼복 더위에 얼음이 어는 천연기념물 제224호 얼음골이 있음. 신라 진덕여왕때 창건하고 서산대사가 의병을 모집한 곳인 표충사가 유명","기점은 밀양이다. 시외버스터미널에서 표충사행 직행이 30분 간격으로 운행한다. 밀양으로는 경부선 KTX가 7회, 일반열차는 26회(서울발 기준) 다닌다. 2006년 중앙고속국도 대구∼부산 구간이 개통되면서 교통이 아주 편리해졌다. ①북밀양IC로 나와 언양 방면 24번 국도→금곡리에서 1077번 지방도를 타면 된다. ②경부고속국도가 편리한 경우에는 언양IC→석남사 방면 24번 국도→금곡리에서 1077번 지방도다. ③얼음골로 갈 경우 24번 국도변의 남명리 1킬로미터 전방에서 좌회전한다. 4.배내골은 석남터널 오름길의 급커브에서 69번 지국도로 들어서 배내고개를 넘어간다. "
457301901,전라북도 무주군 적상면,1030.6,산행시간 ,초급,"가을에 마치 온 산이 빨간 치마를 입은 여인네의 모습과 같다 하여 이름이 붙여질 정도로 경관이 뛰어나며 덕유산 국립공원구역인 점 등을 고려하여 선정, 고려 공민왕 23년(1374) 최영 장군이 탐라를 토벌한 후 귀경길에 이 곳을 지나다가 산의 형세가 요새로서 적지임을 알고 왕에게 건의하여 축성된 적상산성(사적 제146호)과 안국사 등이 유명","기점은 무주다. 전주, 장계, 안천, 부남행 버스가 모두 적상을 지나는데 장계행의 경우 28회가 있다. 무주행은 경부선 연계편이 좋으니 대전에서는 54회, 영동에서는 32회나 다닌다. 서울 남부터미널에서는 고속버스가 5회 다니며 대구, 광주, 청주에서도 버스가 있다. ①대전통영고속국도 무주IC에서 37번 국도로 빠지면 바로 적상이다. ②안국사까지 차로 갈 경우에는 무주읍에서 727번 지방도를 이용, 괴목에서 오른쪽 진입로로 접어든다. "
428104601,"강원도 양양군 서면, 인제군 인제읍ㆍ기린면",1426,산행시간 ,초급,"원시림이 울창하고 모데미풀 등이 자생하는 등 생태적 가치가 커 유네스코에서 생물권보존구역으로 지정하고, 산림유전자원보호림으로 관리되고 있는 점 등을 고려하여 선정. 특히 제1회 아름다운 숲 전국대회에서 보전되어야 할 숲으로 선정. 12담 구곡으로 불리는 오색약수터 및 주전골 성국사터에 있는 보물 제497호인 양양 오색리 삼층석탑이 있음", 기점은 양양이다. 양양→오색: 시내외버스(한계령 경유) 1일 15회 운행      영동고속국도 현남IC→양양 방면 7번 국도→양양 초입 삼거리에서 오색방면 44번 국도
461502801,전라남도 순천시 승주읍ㆍ송광면,887.3,산행시간 ,초급,"예로부터 소강남(小江南)이라 부른 명산으로 깊은 계곡과 울창한 숲·폭포·약수 등 자연경관이 아름답고, 불교 사적지가 많으며, 도립공원으로 지정(1979년)된 점 등을 고려하여 선정, 목조삼존불감(국보 제42호), 고려고종제서(高麗高宗制書 : 국보 제43호), 송광사국사전(국보 제56호) 등 많은 국보를 보유한 송광사와 곱향나무(천연기념물 제88호)가 유명"," 기점 순천은 철로교차점이니 열차를 이용하면 좋다. 용산발 전라선 열차가 13회, 광주발 경전선은 7회, 부산 부전발은 4회, 진주에서 순천을 거쳐 용산으로 가는 야간열차가 있다.  순천→선암사 : 1번, 16번, 100번 버스 05:50∼22:30까지 수시로 운행 순천→송광사 : 06:20∼20:20까지 40분 간격 운행송광사행 버스는 광주종합터미널에도 있다.  광주→송광사 : 1일 9회 운행 ①송광사로 가려면 호남고속국도 주암IC로 나와 벌교 방면 27번 국도. ②선암사로 갈 때는 승주IC 22번 국도에서 순천쪽으로 1킬로미터쯤 가다 만나는 삼거리에서 857번 지방도로 접어든다. "
477502301,"경상북도 청송군 청송읍ㆍ부동면, 영덕군 지품면ㆍ달산면",722.1,산행시간 ,초급,"석병산으로 불리울 만큼 기암괴봉과 석벽이 병풍처럼 둘러서 경관이 아름다우며 국립공원으로 지정(1976년)된 점 등을 고려하여 선정, 대전사(大典寺), 주왕암이 있음. 주왕굴을 중심으로 남아있는 자하성의 잔해는 주왕과 고려군의 싸움의 전설이 깃들여 있는 곳으로 유명","동서울터미널과 부산 동부터미널, 안동 시외버스터미널에서 직행버스가 5회씩 있다. 대구에서 40분 간격으로 운행하는 청송행을 이용할 수도 있다. 중앙고속국도 서안동IC→청송 방면 34번 국도→진보에서 포항 방면 31번 국도→청운리에서 914번 지방도"
472803901,경상북도 문경시 문경읍,1108.4,산행시간 , 중급,"소백산맥의 중심을 이루고 문경새재 등 역사적 전설이 있으며, 여궁폭포와 파랑폭포 등 경관이 아름답고, 월악산 국립공원구역인 점 등을 고려하여 선정, 야생화, 오색단풍, 산죽밭이 유명하며, 조선조 문경현의 진산으로 문경 1, 2, 3관문이 있음",기점은 점촌에 있는 문경시외버스터미널이다. 새재행 버스가 18회 있다. 문경읍내로 가는 버스는 더 많다.중부내륙고속국도 문경새재IC-문경읍 방면 3번 국도
488605302,"전라북도 남원시, 전라남도 구례군, 경상남도 하동군ㆍ산청군ㆍ함양군",1915.4,산행시간 ,초급,"신라 5악중 남악으로 남한 내륙의 최고봉인 천왕봉(1,915m)을 주봉으로 노고단(1,507m), 반야봉(1,751m) 등 동서로 100여리의 거대한 산악군을 이뤄 `지리산 12동천'을 형성하는 등 경관이 뛰어나고 우리나라 최대의 자연생태계 보고이며 국립공원 제1호로 지정(1967년)된 점 등을 고려하여 선정, 어리석은 사람이 머물면 지혜로운 사람으로 달라진다고 한데서 산이름이 유래.화엄사, 천은사, 연곡사, 쌍계사 등이 유명","기점은 구례, 진주, 함양이다. 구례에서 화엄사행 버스는 수시로 있으며 쌍계사행은 13회, 성삼재행은 8회 있다. 진주에서 중산리행은 16회, 함양에서 백무동행은 18회 있다. 구례는 하루 13회(용산발 기준) 다니는 전라선 열차를 이용하는 것이 좋으며 진주나 함양으로는 버스가 편하다. 진주는 서울 남부터미널에서 우등버스가 30분 간격(심야 3회), 부산 노포동터미널에서 20분 간격, 대구 서부정류장에서 45분 간격, 대전 동부터미널에서 한 시간 간격으로 다닌다. 인천, 청주, 울산, 전주, 광주, 여수에서도 버스가 있다. 함양으로는 동서울터미널에서 12회(심야 2회), 남부터미널에서 8회 운행한다. 부산에서는 15분, 대구에서는 30분 간격으로 다니며 인천, 수원, 광주, 전주에서도 버스가 있다. 호남고속국도 전주IC를 빠져나와 17번→19번 국도를 이용하면 남원을 거쳐 구례에 이른다. 남해고속국도를 이용할 경우 하동IC에서 19번 국도로 갈아타고 구례로 온다. 대구쪽에서는 88올림픽고속국도 지리산IC로 나와 산내, 마천, 백무동, 성삼재로 갈 수 있다. 동부지리산은 대전-통영간 고속국도 산청IC에서 59번→20번 국도를 타면 금방 중산리다. 단성IC에서 20번 국도를 타도 된다."
482202301,경상남도 통영시 사량면,399.3,산행시간 ,초급,"한려수도의 빼어난 경관과 조화를 이루고 특히 불모산, 가마봉, 향봉, 옥녀봉 등 산 정상부의 바위산이 기암괴석을 형성하고 조망이 좋은 점 등을 고려하여 선정,`지리산이 바라 보이는 산'이란 뜻에서 산이름이 유래하였으며, 현지에서는 지리산이라고도 불리워지고 있음. 다도해의 섬을 조망할 수 있으며 기묘한 바위 능선이 특히 유명","기점은 통영이다. 도산 가오치선착장에서 여객선을 타고 간다. 고성 용암포, 삼천포여객터미널에도 사량도 가는 배가 있다.통영→사량도 금평리 : 카페리 여객선이 1일 6회 운행(동계시 5회 운행), 차량 수송 가능.  대전통영고속국도-통영시-도산삼거리-우회전-가오치선착장"
468001701,"전라남도 장흥군 관산읍, 대덕읍",724.3,산행시간 ,초급,"호남의 5대 명산으로 꼽을 만큼 경관이 아름다우며 조망이 좋고 도립공원으로 지정(1998년)된 점 등을 고려하여 선정, 신라시대에 세워진 천관사와 동백숲이유명하고, 자연휴양림이 있음.","기점은 장흥이다. 관산 경유 회진행이 30분 간격으로 다닌다. 장흥행 고속버스는 서울 강남터미널에서 4회 있다. 직통버스가 이렇게 드물므로 일단 광주까지 가 갈아타는 것도 방법이다. 광주에서는 장흥행이 57회 있다. 부산에서 장흥행은 20회, 여수에서는 38회(순천 경유), 목포에서는 29회 있다.북쪽에서 갈 때는 ①호남고속국도 광산IC→나주 방면 13번 국도→영산포에서 장흥 방면 23번 국도나 ②서해안고속국도로 목포IC→강진 방면 2번 국도→장흥읍에서 관산 방면 23번 국도. ③동쪽에서 갈 때는 호남고속국도로 순천IC→벌교 방면 2번 국도→장흥읍에서 관산 방면 23번 국도다."
413602201,"경기도 남양주시 화도읍, 오남읍",810.3,산행시간 ,초급,"산꼭대기를 중심으로 능선이 사방에 뻗어있어 어느 지점에서나 정상을 볼수 있는 특이한 산세와 식물상이 풍부하여 식물관찰 산행지로 이름나 있는 점 등을 고려하여 선정, 산 남쪽에 천마산스키장이 있음", 마석행 버스는 청량리에서 셀 수 없이 많다. 한 시간 간격으로 다니는 경춘선 열차를 이용해도 된다.경춘(46번)국도를 이용한다. 신국도에는 평내와 마석 나들목이 있다. 
483302101,"경상남도 양산시 하북면, 상북면",920.2,산행시간 ,초급,"금강산의 축소판이라고 불릴 정도로 경관이 뛰어나고, 특히 산정상부에 드넓은 초원과 산지습지가 발달하여 끈끈이주걱 등 희귀식물과 수서곤충이 서식하는 등 생태적 가치가 높은 점을 고려하여 선정, 봄에는 진달래와 철쭉, 가을에는 능선의 억새가 장관을 이루며, 원효대사가 창건했다는 내원사가 있음.","기점은 부산이다. 부산지하철 명륜동역이나 노포동터미널에서 언양행 12번버스를 탄 뒤 홍룡사계곡은 대석리, 내원사계곡은 용연삼거리에서 하차, 택시를 탄다. 웅상읍쪽으로 가는 버스는 2000번이다. 웅상읍은 양산시외버스터미널에서는 11회 운행하는 57번 버스도 된다. 경부고속도로 양산IC→통도사 방면 35번 국도→1028번 지방도→용연삼거리에서 우회전→내원사 웅상읍쪽은 경부고속도로 구서IC→금정구청 앞에서 울산 방면 7번 국도"
437403501,"충청북도 영동군 양산면, 충청남도 금산군 제원면",714.3,산행시간 , 고급,"충북의 설악산으로 불려질 만큼 경관이 아름다운 점 등을 고려하여 선정, 고려시대 대각국사 의천이 창건한 영국사와 수령이 약 500년 된 은행나무(천연기념물 제223호), 3층석탑(보물 제533호), 원각국사비(보물 제534호) 등이 유명", 기점은 영동이다. 영동- 천태산 06:20~19:10 1일 6회 시내버스(☎043-742-3971) 운행. 50분소요. 천태산에서 영동행 막차 19:50. 신안사-금산 1일 3회(막차 20:20)① 경부고속국도 옥천IC-이원 501번 도로② 경부고속국도 황간IC-영동읍 19번 도로-누교리주차장
479203401,"경상북도 봉화군 명호면ㆍ재산면, 안동시 도산면ㆍ예안면",869.7,산행시간 , 고급,"산세는 크지 않으나 연이어 솟는 바위 봉우리와 기암절벽이 어우러져 예로부터 소금강으로 꼽힐 만큼 산세가 수려하고, 도립공원으로 지정(1982년)된 점 등을 고려하여 선정, 원효대사가 창건한 유리보전, 신라시대의외청량사, 최치원의 유적지인 고운대와 독서당, 공민왕이 홍건적의 난을 피해 은신한 오마대(五馬臺)와 청량산성, 김생이 글씨를 공부하던 김생굴, 퇴계 이황이 수도하며 성리학을 집대성한 오산당(청량정사) 등 역사적 유적지로 유명"," 북쪽에서는 봉화, 남쪽에서는 안동이 기점이다.  - 봉화→청량산 : 1일 4회 운행   - 안동→청량산 : 1일 6회 운행  중앙고속국도 풍기 혹은 남안동 IC-36번 후 35번 국도 혹은 5번 후 35번 국도 "
467101801,"전라남도 담양군 용면, 전라북도 순창군 복흥면",731.2,산행시간 ,초급,"울창한 산림과 담양호가 어우려져 경관이 아름다우며 추월난이 자생하는 점 등을 고려하여 선정, 산 정상에서 65m 정도 아래 지점에 있는 보리암(菩提庵)과 전라북도 순창을 경계로 한 산록에 있는 용추사가 유명","기점은 담양이다. 추월산 아래 담양호반을 지나 가마골 용연까지 오가는 버스가 오전 6시 30분부터 오후 7시 20분까지 하루 12회, 용면 가마골까지는 오후 8시까지 운행한다.88올림픽고속국도 담양IC-정읍 방면 29번 국도-용면 삼거리-월계리 추월산 입구 주차장"
418203901,"경기도 남양주시 수동면, 가평군 상면",887.1,산행시간 ,초급,"소나무와 잣나무 장령림이 울창한 숲을 이루고 단애가 형성되어 있으며, 산 정상에서 북으로는 운악산, 명지산, 화악산이 보이고, 동남쪽으로 청평호가 보이는 등 조망이 뛰어난 점을 고려하여 선정, 가평 7경의 하나인 축령백림과 남이장군의 전설이 깃든 남이바위, 수리바위 축령백림 등이 유명. 자연휴양림이 있음.", 마석행 좌석버스는 청량리 조령약국 앞과 잠실역 7번출구에서  5분 간격으로 있다. 경춘선 열차는 한 시간 간격으로 7회. 마석에서 축령산자연휴양림으로는 버스가 10회씩 다닌다. 경춘국도 화도읍과 가평군 경계를 지나자마자 죄회전해 수동계곡으로 들어가 수동면 내방리의 축령산자연휴양림을 찾아간다. 행현리로 갈 경우에는 청평검문소에서 좌회전한다. 
421302401,"강원도 원주시, 횡성군, 영월군",1282,산행시간 ,초급,"주봉인 비로봉을 중심으로 남대봉 (1,181m)과 매화산(1,085m) 등 1천여 미터의 고봉들이 연이어 있어 경관이 아름다우며 곳곳에 산성과 사찰, 사적지들이 널리 산재해 있고 국립공원으로 지정(1984년)된 점 등을 고려하여 선정, 구룡계곡, 부곡계곡, 금대계곡 등과 신선대, 구룡소, 세렴폭포, 상원사 등이 있음. 사계절별로 봄 진달래와 철쭉, 여름 구룡사의 울창한 숲과 깨끗한 물, 가을의 단풍, 겨울 설경이 유명"," 기점은 원주역이다. 구룡사행 41번 시내버스는 25분 간격으로, 황골행 81·82번은 18회 다닌다. 영원골 입구 금대리행 21번은 30분 간격으로 다니는데 이 중 5편이 상원골 입구 신림면까지 간다. 부곡으로 가려면 시외버스터미널 근처에서 5회 있는 62-1번을 이용한다. 원주로 가는 버스는 동서울터미널에서 75회, 상봉터미널에서 28회 있다. 강원도 이외의 도시로는 부산, 대구, 울산, 포항, 안동, 영주, 상주, 구미, 인천, 부천, 성남, 안산, 의정부, 평택, 고양, 광명, 용인, 대전, 청주, 충주, 제천, 전주에서 버스가 있다. 중앙선 열차는 11회 운행한다. ①구룡사쪽은 영동고속국도 새말IC→원주 방면 42번 국도→학곡리에서 구룡사 방면이고 ②부곡쪽은 42번 국도 안흥 방면으로 가다가 안흥에서 411번 지방도. ③황골쪽이나 영원사쪽은 중앙고속국도 남원주IC, 상원골쪽은 신림IC로 나온다."
447902001,"충청남도 청양군 대치면, 정산면, 장평면",559.7,산행시간 ,초급,"백운동 계곡 등 경관이 아름다우며 도립공원으로 지정(1973년)된 점 등을 고려하여 선정, 계곡은 깊고 급하며 지천과 계곡을 싸고 돌아 7곳에 명당이 생겼다는 데서 산이름이 유래. 신라 문성왕 때 보조(普照) 승려가 창건한 장곡사(長谷寺)에 있는 철조약사여래좌상(보물 제174호) 등이 유명"," 기점은 청양이다. 장곡사행 버스가 8회 운행한다. 청양으로는 동서울터미널에서 7회, 남부터미널에서 8회 버스가 있다. 충청남도 외의 도시로는 인천, 안양, 군산에서 버스편이 있다. 한치고개를 들머리로 할 경우에는 대전에서 40회 있는 청양행을 이용, 고개에서 내린다. 서해안고속국도  대천IC→청양 방면 36번 국도(장곡사로 갈 경우 대치면에서 645번 지방도로 갈아탐) 논산천안고속국도 공주IC→청양 방면 36번 국도"
421902201,"강원도 태백시, 경상북도 봉화군 석포면",1566.7,산행시간 , 중급,"예로부터 삼한의 명산이라 불리웠으며 산 정상에는 고산 식물이 자생하고 겨울 흰 눈으로 덮인 주목군락의 설경 등 경관이 뛰어나며 도립공원으로 지정(1989년)된 점 등을 고려하여 선정, 삼국사기에 따르면 산 정상에 있는 천제단에서 왕이 친히 천제를 올렸다는 기록이 있음. 망경사, 백단사 등이 유명","기점은 태백시다. 태백역과 시외버스터미널이 있는 황지에서 당골행 버스가 30분에서 1시간 간격으로 있다. 태백으로는 서울 청량리발 태백선 열차가 9회, 경부·경북·영동선 경유 부산발, 중앙·영동선으로 가는 부전발과 동대구발, 호남·충북·태백선을 타는 광주발 열차가 다닌다. 겨울에는 영동선 눈꽃열차가 추가된다. 동서울터미널에서 고속버스는 17회(심야 1회), 직통은 15회, 직행은 11회 있다. 강원도 이외의 도시로는 대구, 포항, 안동, 인천, 수원, 성남, 안산, 의정부, 대전에서 버스가 다닌다. ①중앙고속국도 제천IC→제천 방면 38번 신국도. 이 신국도가 완공되는 2007년 6월 이후에는 접근이 한결 수월해질 것이다. ②영동-동해고속국도로 끝까지 간 뒤 동해에서 38번 국도를 타고 내려오는 방법도 있으며 ③동해안 남부지역에서는 7번 국도를 따라가다 원덕에서 416번-427번 지방도를 탈 수도 있다. "
427504901,"강원도 영월군 영월읍, 충청북도 단양군 영춘면",1027.5,산행시간 ,초급,"경관이 아름답고 고구려 시대에 쌓았던 토성인 태화산성 등 역사적 유적이 있고, 고씨동굴(高氏洞窟 : 천연기념물 제219호) 등이 소재하고 있는 점 등을 고려하여 선정"," 기점은 영월이다. 영월→영춘: 1일 6회 운행  영월→흥월, 팔괴리: 1일 4회 운행  중앙고속국도 서제천IC→제천 방면 5번 국도→영월 방면 38번 국도-영월에서 88번 지방도-태화산"
271401201,"경상북도 군위군 부계면, 영천시 신녕면, 대구광역시 동구",1192.3,산행시간 , 중급,"비로봉(毘盧峰)을 중심으로 하여 동·서로 16km에 걸친 능선 경관이 아름다우며 대도시 근교에서는 가장 높은 산으로 도시민에게 휴식처를 제공하고 도립공원으로 지정(1980년)된 점 등을 고려하여 선정, 동화사(桐華寺), 은해사(銀海寺), 부인사(符仁寺), 송림사(松林寺), 관암사(冠岩寺) 등 불교문화의 성지로 유명",기점은 대구다. 대구시내버스를 이용한다. 동화사행은 공평네거리 한일극장 앞에서 105번(좌석)을 이용하면 50분 정도 걸린다. 갓바위쪽은 대구역 앞에서 104번(좌석)을 이용하면 30분 정도 걸린다. 대구시내버스조합 ☎053-474-1124~5경부고속도로 북대구IC-미대동 방향 직진-동화사 
427206501,강원도 홍천군 서면,328.2,산행시간 ,초급,"산은 나지막하고 규모도 작으나 여덟개의 바위봉이 팔짱 낀 8형제처럼 이여져 있고 홍천강과 연접하여 경관이 아름다운 점 등을 고려하여 선정, 국민관광지로 지정되어 있음"," 홍천에도 버스가 있지만 춘천 기점이 편하다. 반곡(서면)행 버스를 타고가다 어유포리에서 내린다.  - 춘천→어유포리 : 30분 간격 운행 설악산 가는 44번 국도를 따르다 단월 나들목에서 비발디파크로 향한다. 그 입구를 지나 3km쯤 가면 돌고개 정상 삼거리인데 여기서는 오른쪽길, 반곡으로 향한다. "
467702901,"전라남도 고흥군 점암면, 영남면",606.9,산행시간 ,초급,"여덟개의 암봉으로 이루어진 산세가 험준하고 기암괴석이 많으며 조망이 좋고 도립공원으로 지정(1998년)된 점 등을 고려하여 선정, 예전에 화엄사, 송광사, 대흥사와 함께 호남 4대 사찰로 꼽히던 능가사가 있음. 신선대, 강산폭포 및 자연휴양림이 있음. 정상에서 대마도까지 보일 정도로 조망이 좋음","기점은 고흥읍이다. 점암면소, 능가사 입구, 우천리, 영남면소를 거치는 군내버스가 18회 있다. 고흥으로는 서울 강남터미널과 부산 사상터미널 버스가 6회씩 다닌다. 광주에서는 67회, 철도교통의 요지인 순천에서는 90회, 고흥의 관문 벌교에서는 20분 간격으로 있다. 호남고속국도 순천IC→벌교 방면 2번 국도→벌교에서 고흥 방면 15번 국도, 벌교에서 고흥 방면 15·27·77번 공동국도→과역에서 점암 방면 855번 지방도"
491102401,제주특별자치도,1947.3,산행시간 ,초급,"남한에서 가장 높은 우리나라 3대 영산의 하나로 산마루에는 분화구인 백록담이 있고 1,800여종의 식물과 울창한 자연림 등 고산식물의 보고이며 국립공원으로 지정(1970년)된 점 등을 고려하여 선정, 남한의 최고봉으로서 백록담, 탐라계곡, 안덕계곡, 왕관릉, 성판암, 천지연 등이 유명"," 제주시외버스터미널이 기점이다. 이곳에서 각 들머리로 가는 버스가 많이 있다. -제주시외버스터미널→성판악, 서귀포 방면 15분 간격    -제주시외버스터미널→영실, 어리목: 중문방면 80분 간격  -제주시외버스터미널-관음사, 정기노선없음 서울, 부산, 대구, 광주, 여수, 진주-항공편 이용, 인천, 부산, 목포, 완도-여객선 이용, 제주나 서귀포에서 시내버스 이용."
418204301,"경기도 가평군 북면, 강원도 화천군 사내면",1468.3,산행시간 ,초급,"경기 제１의 고봉으로 애기봉을 거쳐 수덕산까지 약 10㎞의 능선 경관이 뛰어나며 시계가 거의１백㎞에 달하는 등 조망이 좋은 점 등을 고려하여 선정, 집다리골 자연휴양림이 있으며, 정상에서 중서부지역 대부분의 산을 조망할 수 있음"," 기점은 가평이다. 가평으로는 경춘선 열차가 1시간 간격으로 다닌다. 가평→화악리: 하루 4회 운행.  가평→조무락골 입구 용수동: 하루 5회 운행  46번 국도→가평읍내에서 북면 방면 75번 국도→적목리 오동골, 가림, 용수동. 화악리로 갈 경우는 북면에서 391번 지방도로 접어든다. "
487403301,"경상남도 창녕군 창녕읍, 고암면",757.7,산행시간 ,초급,"억새밭과 진달래 군락 등 경관이 아름다우며 화왕산성, 목마산성 등이 있고 군립공원인 점 등을 고려하여 선정, 해마다 정월대보름이 되면 정상 일대의 억새평전에서 달맞이 행사가 열림. 정상에 화산활동으로 생긴 분화구 못(용지)이 3개 있음. 송현동 고분군 및 석불좌상, 대웅전 등 4점의 보물이 있는 관룡사 등이 유명",기점은 창녕이다. F91- 창녕읍→옥천리 : 하루 6회 운행경부고속국도-금호분기점-구마고속국도-창녕IC-옥천리
488906401,"경상남도 합천군 대병면ㆍ가회면, 산청군 차황면",1113.1,산행시간 ,초급,"화강암 기암괴석과 소나무, 철쭉, 활엽수림이 어우러져 경관이 아름다운 점 등을 고려하여 선정, 합천호 푸른물에 하봉, 중봉, 상봉의 산 그림자가 잠기면 세송이 매화꽃이 물에 잠긴 것 같다고 하여 수중매라는 별칭으로도 불림. 산 아래의 황매평전에는 목장지대와 고산 철쭉 자생지가 있으며, 통일신라시대의 고찰인 염암사지(사적131호)가 유명","가회면이나 대병면은 합천, 차황면은 산청이 기점이다. 가회면은 합천에서 하루 14회 있는 진주행 직행을 타고 삼가에서 내려 택시를 이용한다. 대병면은 완행버스가 50분 간격으로 있다. 차황면은 산청에서 군내버스가 15회 있는데 이 중 장박리행은 9번, 신촌행은 4번이다. 대전-통영고속국도로 가다 차황면은 산청IC→59번 국도, 가회면은 단성IC→20번 국도 합천방향→대의에서 33번 국도→삼가에서 60번 지방도"
488703501,"경상남도 함양군 안의면, 서하면, 서상면",1192.5,산행시간 ,초급,"거망에서 황석으로 이어지는 능선에 있는 광활한 억새밭 등 경관이 아름답고 황석산성 등 역사적 유적이 있는 점 등을 고려하여 선정, 정유재란 당시 왜군에게 마지막까지 항거하던 사람들이 성이 무너지자 죽음을 당하고 부녀자들은 천길 절벽에서 몸을 날려 지금껏 황석산 북쪽 바위 벼랑이 핏빛이라는 전설이 있는 황석산성이 있음","기점은 함양이다. 거창에서도 안의행 버스가 30분 간격, 용추사행 버스가 1시간 간격으로 운행한다.- 함양→안의 : 하루 12회 운행    -함양→용추사 : 1시간 간격 운행 88고속도로 함양 IC-3번 국도-안의-용추사 일주문"
471500901,경상북도 김천시 대항면,1111.4,산행시간 ,초급,"전체적인 산세는 특징 없이 완만한 편이나 산림이 울창하고 산 동쪽으로 흘러내리는 계곡은 곳곳에 폭포와 소를 이뤄 계곡미가 아름다운 점 등을 고려하여 선정, 특히 직지사 서쪽 200m 지점에 있는 천룡대부터 펼쳐지는 능여계곡은 대표적인 계곡으로 봄철에는 진달래, 벚꽃, 산목련이 유명.",기점은 김천이다. 김천역에서  직지사 입구까지 일반버스(11번)와 좌석버스(111번)가 06:00부터 22:40까지 10분 간격으로 운행한다. 20분 소요경부고속국도 김천IC-대전 영동방면 4번 국도. 15분 소요
472801401,경상북도 문경시 동로면,1078.9,산행시간 ,초급,"울창한 산림이 암벽과 어우러져 경관이 아름다우며 황장목이 유명하고 조선시대 봉산 표지석이 있는 등 경관 및 산림문화적 측면을 고려하여 선정, 동국여지승람, 대동지지, 예천군 읍지 등에는 작성산으로 표기","기점은 옛 점촌시, 지금의 문경시 중심부다. 모전동에 있는 점촌시외버스정류장에서 동로행 버스가 10회 있으며 동로에서 생달 가는 버스는 4회 있다. 점촌정류장으로는 동서울터미널에서 직통버스가 30분 간격, 구미·김천·대구북부터미널에서는 이보다 더 자주 있다. 경상북도 이외의 지역으로는 울산, 부산, 마산, 진주, 인천, 부천, 수원, 성남, 청주, 충주, 원주, 태백, 대전에서 버스가 다닌다. 열차는 부산에서 출발하는 김천 경유 영주행이 4편(하나는 강릉행) 있다. ①중부내륙고속국도 문경새재IC→문경 방면 3번 국도→문경읍에서 동로행 901번 지방도②중앙고속국도 단양IC→단성 방면 5번 국도→단성에서 문경 방면 59번 국도"
437603201,"경상북도 문경시 가은읍, 충청북도 괴산군 연풍면",996.4,산행시간 ,초급,산 전체가 하나의 바위처럼 보이고 바위 낭떠러지들이 하얗게 드러나 있어 주변의 산에서뿐만 아니라 먼 산에서도 쉽게 알아볼 수 있으며 기암괴석과 풍부한 수량이 어우러진 백운곡 등 경관이 수려하고 마애본좌상 등 역사유적이 있는 점 등을 고려하여 선정,"기점은 연풍이다.  연풍에서 은티마을행 시내버스는 08:10, 13:10, 18:50 1일 3회 운행한다. 이 버스는 괴산(☎아성교통 043-834-3025)에서 출발한다.  - 동서울→충주 : 1일 20회 운행    >충주→연풍 :1일 15회 운행  - 동서울→괴산 1일 12회 운행     ① 중부고속국도 증평IC-연풍면소재지-은티  ② 중부내륙고속국도 괴산(연풍)IC-은티"
,,,,,,
